{
  "train_loss": [
    7.995887660980225,
    5.704657304286957
  ],
  "val_loss": [
    6.73774471282959,
    4.000762701034546
  ]
}