{
  "train_loss": [
    380955.81777038577,
    2540.727188873291
  ],
  "val_loss": [
    7592.495874023438,
    787.3518615722656
  ]
}