{
  "train_loss": [
    160286.4576171875,
    17144.748602294923
  ],
  "val_loss": [
    60224.9169921875,
    6025.458178710937
  ]
}