{
  "train_loss": [
    2106.5232467651367,
    520.9999894142151
  ],
  "val_loss": [
    1446.6488037109375,
    107.66697120666504
  ]
}