{
  "train_loss": [
    420.5995168685913,
    42.904177689552306
  ],
  "val_loss": [
    177.1984962463379,
    3.3978743076324465
  ]
}