{
  "train_loss": [
    2627.5457565307615,
    103.6825977563858
  ],
  "val_loss": [
    414.7217224121094,
    16.361451625823975
  ]
}