{
  "train_loss": [
    8954.606652832032,
    2402.774928283691
  ],
  "val_loss": [
    4890.676025390625,
    1030.420477294922
  ]
}