{
  "train_loss": [
    6089.223284912109,
    578.3261096954345
  ],
  "val_loss": [
    1556.5422607421874,
    357.0449554443359
  ]
}