{
  "train_loss": [
    8253.071368408204,
    2102.2491973876954
  ],
  "val_loss": [
    5612.182348632812,
    713.556755065918
  ]
}