{
  "train_loss": [
    15.47720160484314,
    4.401323929429054
  ],
  "val_loss": [
    7.748329210281372,
    2.4796117305755616
  ]
}