{
  "train_loss": [
    25.839693784713745,
    10.368432581424713
  ],
  "val_loss": [
    20.28120336532593,
    5.16658763885498
  ]
}