{
  "train_loss": [
    2258.23809967041,
    397.609289264679
  ],
  "val_loss": [
    1355.036328125,
    171.1618293762207
  ]
}