{
  "train_loss": [
    67.55048871040344,
    16.62592579126358
  ],
  "val_loss": [
    35.31492805480957,
    11.206603813171387
  ]
}