{
  "train_loss": [
    1839.6486129760742,
    588.8789623260498
  ],
  "val_loss": [
    1188.2821411132813,
    261.83557586669923
  ]
}