{
  "train_loss": [
    6.03451966047287,
    2.3880661964416503
  ],
  "val_loss": [
    3.839469003677368,
    1.2041775226593017
  ]
}