{
  "train_loss": [
    24.78858177661896,
    9.584881389141083
  ],
  "val_loss": [
    20.2303955078125,
    3.661322820186615
  ]
}