{
  "train_loss": [
    18.931534373760222,
    5.529906517267227
  ],
  "val_loss": [
    11.26680269241333,
    3.5585130929946898
  ]
}