{"train_loss": [236.20433043733507, 1.5134689413120463, 1.2883958907928592, 1.176634275991026, 1.1105851927744816, 1.0919623877640454, 1.1024733452190194, 1.0743474548053586, 1.0656847294547624, 1.0808802252881484, 1.060417765310888, 1.041701722203421, 1.0772695541381836, 1.0438008314244704, 1.0485517449713453, 1.057706841345129, 1.0272587101183357, 1.0392293126898138, 1.047190896838563, 1.0313194649837922, 1.038801285318216, 1.0299633489541868, 1.0462005575951705, 1.0164948212769838, 1.0232840459459562, 1.033942142960298, 1.0227540924926373, 1.020584414678141, 1.0280025545963456, 1.0259423768345333], "val_loss": [0.9608476332255772, 0.733562231450886, 0.5701752426949415, 0.5191658477891575, 0.5000449273880426, 0.4940573259607538, 0.5289694699761155, 0.569314684573706, 0.5032787516519621, 0.5247044927114016, 0.4986960096405698, 0.5808394268735663, 0.5018300990779678, 0.5090621932373418, 0.4833106462444578, 0.7201960574496876, 0.5085418402374565, 0.4902652604626371, 0.4919724042539473, 0.5152618931485461, 0.718619837776407, 0.4839285836591349, 0.5377702691725322, 0.5391287221149965, 0.5053005723597167, 0.4950562554907489, 0.48956174432457267, 0.49311511779760386, 0.485513837500052, 0.5602893657111502]}