{"train_loss": [206621.41526050164, 37817.730151725635, 18119.473540413437, 7761.9765533397485, 4372.942595788355, 4650.215021528583, 4632.852995730925, 5508.143299619292, 2207.530069348085, 6052.842388433111, 1820.816720760277, 1473.1596564686513, 3780.231260962432, 2447.206204089216, 3351.1652930852447, 2133.2780399789235, 8510.577837796234, 1383.5058096905907, 1056.781617032373, 3018.691259138347, 1758.4507688985952, 2155.2624048229923, 949.6188491024745, 2107.6214182046265, 1795.1441205695248, 1202.006552094153, 2959.883578003328, 853.9634968818303, 845.1241430061676, 2025.8419055285306], "val_loss": [30551.554281655845, 20422.62989549513, 5456.5335915305395, 4759.268492859679, 4827.443877777496, 679.5113402527649, 862.2498953683036, 412.96350157106076, 3889.0049287870334, 680.303905239353, 461.17254123440034, 2604.1856633966618, 377.21258282351806, 501.32360919110187, 6534.06323876319, 167.78406643557858, 846.3070781757306, 326.01929245985946, 328.0205648843344, 519.6191342836851, 719.2977534702846, 374.4454965467577, 846.3270885913403, 176.50502881136808, 972.2525103680499, 3115.933438387784, 288.6175112043108, 1062.886163488611, 4379.529407848011, 24153.35886135349]}