{"train_loss": [866.9114177647073, 2.879312100457134, 1.9366469054587707, 1.6034163526376348, 1.4804104393496988, 1.4323841286716803, 1.4096317556709488, 1.4559702192589665, 1.4199349377517017, 1.4271277837807748, 1.3554904308249083, 1.4321403407155981, 1.2871950101502374, 1.389130360636781, 1.248002396224957, 1.3790046124434976, 1.302390007074272, 1.228274916455174, 1.2245208570463233, 1.2458800172728, 1.3061581990069315, 1.2591161034624494, 1.2039607583406893, 1.2369382360047656, 1.1830733226913028, 1.1966383415373076, 1.253716017838209, 1.2336382211518715, 1.1374272091548168, 1.2177848451289228], "val_loss": [1.2888505613649046, 0.7242268161340193, 0.6611605816847318, 0.6205446004093468, 0.6138112134747691, 0.5729916631788402, 0.5441542898679709, 0.5327279534819839, 0.8072585200334524, 0.9619442255466015, 0.5787601397409068, 0.6630716327722971, 0.512042726789202, 0.5734683921584836, 0.5320954955630488, 0.503138877354659, 0.9379845671839528, 0.4955938740984186, 1.5263335937029356, 0.6602181374252617, 0.9804688467607869, 0.4867744066498496, 0.48621601059839326, 0.5159589799193592, 0.6581128897605004, 0.49125179609695035, 0.49050766248981675, 0.49306162766047884, 0.5136117526850144, 0.5331097879967133]}