{"train_loss": [45.81711989475891, 2.0818811322503143, 2.013930151357542, 1.9842875643616593, 1.9829199677773828, 1.9804268552272977, 1.982425596352308, 1.980332286672919, 1.9677102645497533, 1.9747484171760024, 1.9669377691010665, 1.9739635171547993, 1.9690451363365957, 1.974197239704661, 1.9733930509203215, 1.9716239928421344, 1.9718401601225088, 1.9692657878698376, 1.971103992586618, 1.973104818804618, 1.9710340357915808, 1.9607987950326569, 1.9641588675450734, 1.9765058291094533, 1.980132347607885, 1.9767825490693283, 1.9726031538323905, 1.9698331274371745, 1.9677449435627674, 1.9681061906876804], "val_loss": [1.0704865026009547, 1.0092835263772444, 0.9987767458736122, 0.9946269033017097, 0.9914449074051597, 0.9911964303487307, 0.9937312885538324, 0.99095779425138, 0.9911036282390743, 0.9926096108052638, 0.9897447309710763, 0.99383382131527, 0.9893180124171368, 0.9919548816495127, 0.9888486173245814, 0.9909410232847388, 0.9884976160216641, 0.9885041419561807, 0.9905562965900867, 0.9885425823075431, 0.989440910227887, 0.9887183672421939, 0.9885796207886237, 0.9892791145807737, 0.9903999350287698, 0.991086645172788, 0.9885236647996035, 0.9890698531231323, 0.9891070092653299, 0.9889173310298425]}