{"train_loss": [44180.94955807759, 11218.87253031645, 4969.0238172521795, 3191.818071324907, 1049.71754049827, 1590.4304542230354, 968.3868799754107, 1472.6944397122008, 817.5327230207682, 2696.141818882007, 817.0404975355935, 550.673179290423, 1026.0098546760896, 734.1399406818931, 793.681422795207, 684.8463901438877, 502.88354674521315, 774.4527410784126, 851.6016019164641, 351.1456767482042, 472.9544540766207, 657.1001967699259, 667.0896509553246, 337.4813835088036, 209.19282131599564, 802.0877034061301, 252.00786579063626, 466.1212775711134, 211.06888426614236, 475.5898838043213], "val_loss": [7991.81132368608, 2558.8388529195413, 13977.926567573051, 462.6644887552633, 256.2778657194856, 160.0654290930017, 149.78954941885812, 289.50367241401176, 176.73822759653066, 191.5933758128773, 483.1362207586115, 3049.386906611455, 508.55462151069145, 452.3714090322519, 189.557528607257, 145.12879052100243, 60.15651341227742, 1344.5956076089437, 567.3316200553597, 32.41324557886495, 138.87430025075938, 124.06923554160379, 141.47422386763932, 266.1487639786361, 98.97936739240374, 199.58068832793793, 105.58604049682617, 1933.1373481255073, 443.70939497514206, 290.77710595068993]}