{"train_loss": [2036.1953288789286, 398.98728010666116, 234.18776554773527, 103.43699958079402, 104.12053543825134, 65.87816342327373, 47.694544925191856, 19.978336206657072, 31.767692064966695, 43.84306082951109, 45.03163890465243, 33.42254070862277, 27.475768205586693, 25.231001054287734, 21.996286073672245, 30.67477039722984, 15.016900660746638, 32.07985987554367, 16.36501158586723, 32.336319655812, 19.14047347818658, 16.135123058011054, 21.88938835783456, 20.336701695720677, 14.950951912663694, 14.98603925599943, 15.496197470249593, 13.625289792532245, 17.056320235546416, 16.088123071446503], "val_loss": [610.9525602266386, 89.39930090966163, 150.73063050307238, 49.69575198284991, 10.755504230400184, 56.071145825571826, 15.210540647630568, 5.166039743980804, 4.124150398489717, 7.471406719901345, 21.18663541991989, 17.972249761804356, 18.7671471818701, 9.260684332290253, 145.42064077203923, 6.131851312402007, 10.086338554109846, 44.54366887080205, 8.0601057758579, 6.461089440754482, 47.187110380692914, 9.672389120250553, 2.926914794878526, 19.170227824867546, 6.314572445757977, 20.055938733088507, 2.6803363786115275, 4.224272333182298, 51.35817085612904, 48.41110527979863]}