{"train_loss": [18.38878349719195, 0.9928347250571259, 0.9880198445444589, 0.9763661520905051, 0.9783124031094897, 0.9784116305495942, 0.9717652528359878, 0.9761664594172653, 0.9815714502217914, 0.9744872485832912, 0.9828625056910865, 0.9775447207601774, 0.9749735095956003, 0.975800429141152, 0.9759623314972609, 0.9731304902236964, 0.9753573028337313, 0.9803050268338127, 0.9768766535242464, 0.975319889785804, 0.9781011974053127, 0.9805470236362874, 0.9758523565521053, 0.975439767853082, 0.9765857833439141, 0.9787007234808283, 0.9720441270224617, 0.9776825699681754, 0.9796620892272688, 0.9772851460326165], "val_loss": [0.49342699310222227, 0.4867923443580603, 0.48384228116506106, 0.48522847058711116, 0.4826587810144796, 0.481845884160562, 0.4823366924152746, 0.4831670940696419, 0.4848512683982973, 0.48164647875668165, 0.48167960732788234, 0.48307513687517734, 0.4812943107121951, 0.4825207273681442, 0.4846753166480498, 0.4817136777685834, 0.481349739935491, 0.4813357171687213, 0.48176815622038655, 0.4821826842698184, 0.48132527397050484, 0.48208511978774876, 0.48228078770947147, 0.48138766493890195, 0.4812233062920632, 0.48158775908606394, 0.48980988813685133, 0.4841104612334982, 0.48341367229238735, 0.4829294855718489]}