{"train_loss": [13.009499257384856, 1.9818266196507615, 1.9521777853491256, 1.9393650174724335, 1.942636109487462, 1.9418689776789306, 1.9361141573935503, 1.9499334818387304, 1.93336343298534, 1.9386796892953346, 1.939548428451451, 1.940133147488605, 1.9337662044201551, 1.941164084398727, 1.9353952273653539, 1.9347201492424695, 1.943329348066308, 1.9461252763259664, 1.9367474074464832, 1.9347135489760954, 1.9328899284365904, 1.9345507225049068, 1.9418025335713274, 1.9371516337013557, 1.9357052290809096, 1.9341578246329776, 1.9463335178415693, 1.9306179460071233, 1.9362731086877198, 1.9343573724270644], "val_loss": [1.0014158425393043, 0.9899805447497925, 0.9879771389744498, 0.986058517709955, 0.9855575998882194, 0.9854793970461015, 0.9852227599589856, 0.9859358242579869, 0.9851935579405202, 0.984827092328629, 0.9850320243216181, 0.9848111360878139, 0.9851978049649821, 0.9851964077392181, 0.9847019984350576, 0.9851180016994476, 0.9846406931226904, 0.9845387749857717, 0.9847179109399969, 0.988489340652119, 0.9852606909615653, 0.9850441488352689, 0.9847250650455426, 0.9845755870466109, 0.9845650656656786, 0.9852892113970472, 0.9845687785705963, 0.984596377456343, 0.9854035834213356, 0.9858190560495699]}