{"train_loss": [137175.3885999496, 64.56194736362475, 25.892075575195364, 28.11194929407627, 24.5330414931498, 26.66870547079923, 39.50501961614724, 31.40775045193428, 20.23528693375735, 41.8807902501419, 17.186454617374288, 70.96024698942753, 5.033747190168981, 40.75245595017226, 32.6753706136691, 13.312538399587448, 43.199226861482344, 17.508431551118075, 21.36572269125436, 28.113047222912215, 22.834299810364428, 30.04614704759825, 57.30348219995981, 4.594952211294439, 22.02833601467761, 26.607022349247146, 34.43496831109045, 28.29345834469134, 8.941680775381029, 26.236468956482156], "val_loss": [82.53946861663422, 13.291103301110205, 10.502369137553426, 7.627552493826135, 3.1721105389780813, 69.03523103292886, 82.91807546244038, 1.6832784600072093, 34.58987084921304, 23.448756242727306, 104.55416250848151, 1.6043468458311898, 1.6945392203021359, 2.3417838471276418, 28.336103736580192, 13.939131197991308, 2.365556012500416, 1.988522121658573, 16.98739631454666, 3.806962807457168, 8.759491140192205, 81.20562174413111, 69.2299017224993, 2.797579596569012, 11.062800698466114, 74.55574105002664, 7.051568808493676, 581.4875882631773, 10.780609137052066, 13.891683497986236]}