{"train_loss": [902.9327641686647, 1.5928385401627756, 1.3553752673586275, 1.2630938848702398, 1.4555774062726081, 1.1385139525422847, 1.315877435646866, 1.2627855174693159, 1.1937681794361032, 1.3054718240050274, 1.2079521563469293, 1.3150393334726331, 1.444574000882091, 1.2291377398746048, 1.1098211037198638, 1.31127336801168, 1.1843387984334937, 1.2928127806882874, 1.2854865757326124, 1.1379565332103125, 1.1844636205747894, 1.1598433195864006, 1.1681410578880185, 1.1444599932791941, 1.299606657631051, 1.1366116082687752, 1.2283389191059655, 1.3244807365279019, 1.0939132626643966, 1.1642645835681997], "val_loss": [1.0517944418764733, 0.5538846761375279, 0.5597350556742061, 0.58411642541359, 1.6474617084899505, 0.4984525896899112, 1.491964803887652, 0.6626806508798104, 0.773225285016097, 1.6857997190642666, 0.5150218104774301, 0.510307539012525, 0.5026394844829262, 0.5247277360070836, 1.6475516457062263, 0.49714296475633396, 2.4458985646049696, 1.5700007390666317, 3.8462889658940305, 0.5193519029137376, 0.524395484041858, 0.4922327432152513, 0.4975380851076795, 0.6531846809696842, 0.4984443185778407, 0.9145841389507442, 0.4872674018918694, 0.6995408964621557, 0.49138946057140054, 0.5096157909213722]}