{"train_loss": [12.395868503250073, 1.9603257080081236, 1.945263850163869, 1.9356572602740314, 1.9425990272307279, 1.9377139940930812, 1.9372464286172566, 1.9400331069750265, 1.943956353536049, 1.9324890861308983, 1.9342509148365912, 1.9361525453128783, 1.9385787600599729, 1.9313056284218395, 1.941361399109173, 1.94373877169063, 1.9418042820390635, 1.9398910567577667, 1.94565631767665, 1.9375573550312981, 1.932751127596197, 1.9384393518939493, 1.9436240799080877, 1.9422221825523438, 1.9394080078815752, 1.9397711211277648, 1.9268043564349948, 1.94012706314759, 1.9424081591564135, 1.934428727840716], "val_loss": [1.0057861882370789, 0.9906996980115965, 0.9882213910678764, 0.9863909355231694, 0.9863188413830547, 0.9862035439385997, 0.9853018197146329, 0.9855161080886792, 0.9850151147935298, 0.9852757748071249, 0.9848984460552017, 0.9851338371828005, 0.9862820738321775, 0.9849187530480422, 0.9854933000230169, 0.9852744356378332, 0.9858590236731938, 0.9854135524916958, 0.9887218943664006, 0.9854854058909726, 0.9860896174009744, 0.98470734350093, 0.9846314234392983, 0.9855506783956057, 0.984891302012778, 0.985040935216012, 0.9845938945745493, 0.9887435440119211, 0.9851813842723895, 0.9853476684588891]}