{"train_loss": [596.5320302393852, 109.90535751641477, 50.768360248397656, 25.381384854993463, 16.44109107619592, 11.450055445582404, 12.672511304961137, 13.034518729609728, 6.387424760502665, 9.3754166189648, 10.018165168132128, 13.75405059864237, 6.038450193055108, 6.316235574190224, 8.131833392683095, 5.865422942704517, 12.52510265813955, 3.197734290779512, 5.435512059858922, 8.907697475753833, 4.032831511334144, 4.144415282308569, 4.480635352274722, 5.7600905848560675, 2.6530694856534773, 5.5047324096592565, 3.7888188935804132, 4.6220117830724545, 3.3246089912355434, 5.285676250644453], "val_loss": [177.3121828351702, 36.13075416119068, 47.18101297106062, 5.404353308987308, 4.926317210321303, 72.30815946901, 1.840301131660288, 63.51250138220849, 2.7114951455747924, 5.760627500422589, 27.021404315898945, 1.3175624848960281, 7.247864416667393, 1.7765651136249692, 21.244625816097507, 38.14456721714565, 2.7777438457910115, 1.0095851998050491, 10.123034446270434, 9.577381044239193, 1.4577691802730808, 1.017762926104781, 1.3889555993018212, 1.0260587624915234, 0.6857518619531161, 1.3073605298995972, 0.9222356177769698, 1.0315959527120961, 1.63904315775091, 4.453187722664375]}