{"train_loss": [624.953438653837, 4.400688272510423, 3.2602926171817748, 2.8299380507788108, 2.6342087962693532, 2.494283388722779, 2.423772147779169, 2.386622778743165, 2.3423522006823614, 2.30743329890595, 2.256126690260932, 2.233834573534146, 2.2350538924312127, 2.1959885335474185, 2.2044192852048266, 2.197484982344299, 2.177712013826479, 2.1626000062093067, 2.1265180134267636, 2.158454986030865, 2.1652409452793067, 2.1590091836005207, 2.153340830110609, 2.1157429745302307, 2.154006496922616, 2.127792132425853, 2.114787205980808, 2.128994529632332, 2.137320299716408, 2.1837562345952817], "val_loss": [2.689974270857774, 1.7615045154249513, 1.4790226050785609, 1.2631224494475823, 1.1832247368701092, 1.1494102764439273, 1.115287317858114, 1.2827255338817447, 1.1615862250328064, 1.023755721844636, 1.629539759902211, 1.0354455624307906, 1.4622053983923677, 1.1097294742410833, 0.9995630991149258, 1.0630051907780882, 1.2481164568430418, 1.0326134175449222, 1.0122686585822662, 1.0108473687976987, 1.0082073478729694, 1.0071716734341212, 1.0715345078474516, 0.9925418043291414, 1.0084886411567786, 0.9976481559214654, 1.0075814677523327, 1.1139708440025131, 1.2383611086127047, 0.9914829649708488]}