{"train_loss": [7.898305398993935, 0.994286121785349, 0.9821250238387464, 0.9889094238374595, 0.9716793463047333, 0.9849853181138902, 0.9815674100381127, 0.979514316477939, 0.9819913278007196, 0.9809187926826042, 0.9785422270488583, 0.9776701698684381, 0.9772293175803117, 0.9791636857861991, 0.9756529138683301, 0.97409805971491, 0.9733734773578302, 0.9792319076290722, 0.9777365475649935, 0.9739474275956146, 0.9787655963788803, 0.9855289977487499, 0.9756701751984352, 0.9787012245293348, 0.9772684214360173, 0.9774569502468016, 0.9832168983790848, 0.9760182749777789, 0.9743596574027231, 0.9787425894721686], "val_loss": [0.48510627622728225, 0.4830537477096954, 0.48452783482415335, 0.4839061494771536, 0.48509454475594804, 0.48202359966643443, 0.48210069150119633, 0.48139027689958547, 0.4830868075807373, 0.48328460269160084, 0.48229553482749243, 0.4818765288823611, 0.4850424402332925, 0.4820029520756238, 0.4814917936727598, 0.4817516968234793, 0.481378115423314, 0.4812379947730473, 0.48302737439607646, 0.4812385662422552, 0.48148858682675794, 0.48132260608208643, 0.48131995038552716, 0.48381519530500683, 0.4933962986453787, 0.4849091243821305, 0.48125273569837795, 0.508368332664688, 0.48126976346814787, 0.48160199027556877]}