{"train_loss": [4178.478108989667, 4.226943366679243, 1.9693889309687094, 1.846294737659504, 1.9777815686158995, 1.7179547838052374, 1.8283545212488967, 2.365072220418037, 1.4749545849750325, 2.1558944588773206, 1.8533185104950411, 1.634888916089523, 2.638233746537182, 1.1635834129366167, 2.1988157176854752, 1.5021372972265932, 2.1834430817095334, 1.8076979812556728, 1.4068039699440873, 2.6133911174039857, 2.3698870085580896, 1.1498099780393853, 1.792481900233818, 1.6611872954236353, 1.5089267699403437, 2.359326341315545, 1.2221852227875303, 2.3736344736318604, 1.1930211215579296, 1.9478009327589785], "val_loss": [2.464636852988949, 1.1818092755683056, 0.7023232033500424, 0.7190059508596148, 2.2750925770053616, 0.6558861221585955, 0.6638024147454794, 0.5700705152053338, 0.6793461716794348, 0.8107236639245764, 0.5457076877355576, 1.3100856271657078, 0.6035434263093131, 0.5513341711326079, 0.5436890700033733, 0.658731392451695, 0.5564302802085876, 0.8972669704393907, 0.5606674416498705, 0.5332132283743326, 1.3589889561975157, 0.5309628964244545, 0.5858076880504559, 0.5750010710257989, 1.1848223817038845, 0.5332100720374615, 0.5655253875952262, 0.5517024513962981, 0.6770580503847692, 0.5234850254151728]}