{"train_loss": [3625.0160134826556, 4.041522842052515, 2.548888224761988, 2.826204566543293, 2.8796030989867827, 2.2757294148838736, 2.0352023575473184, 2.7597686201090914, 1.8344745985057576, 2.637061106439127, 2.2384055842194237, 2.127097596449331, 2.6652936682615547, 2.383089686490194, 1.5815533590161197, 2.27911059774738, 2.481822643738975, 1.6948938167503569, 2.724238485924377, 1.7292443791960426, 2.12030054869504, 2.3791676347446287, 1.6546115255861453, 2.1682338195368285, 1.4824644132695035, 2.7548948912402738, 1.543173744958532, 1.8531734138289633, 1.9511812884500326, 1.8426573614895247], "val_loss": [2.488847122563944, 0.8631257170980627, 1.5423767427345374, 0.6482867103118402, 0.6451227858469084, 0.886193583925049, 0.8239683129570701, 0.6816234325433707, 0.6954485421830957, 0.6768012031332239, 2.887714621308562, 1.941454165941709, 1.2102619665009635, 0.7018662520817348, 0.9290893731953261, 0.623282596662447, 0.5876582181685931, 0.6213100490631995, 0.6115298174418412, 0.7525925636291504, 0.6423762026545289, 16.045200936205976, 7.122153105673852, 0.5787675024627091, 0.8780552787440163, 0.6425321473703756, 2.014031064200711, 0.6862759760447911, 0.9045175909996033, 0.5408111154646068]}