{"train_loss": [1023.896880626095, 1.660887018988611, 1.2751259469285874, 1.1159438724230009, 1.2251820346465119, 1.2851741148635965, 1.3256000481655315, 1.44393289361459, 1.0509328568934617, 1.1681376506025989, 1.1878986486991894, 1.7360056950839853, 1.0586586580968798, 1.1653934635501506, 1.1586745248144252, 1.2301068507244304, 1.5331964361531505, 1.043464438366851, 1.1717082582912477, 1.2719381297004164, 1.3925184339139045, 1.034041341230103, 1.2221364069723966, 1.2878984168147574, 1.2061841662906316, 1.3936452971586006, 1.0251819477773607, 1.133233992154991, 1.1893505295571456, 1.2808858918521377], "val_loss": [1.0132074681195347, 0.8620835623957894, 0.5902557404010327, 1.063064451341505, 0.6759935532297406, 0.8105322172889462, 0.5518304250844113, 0.791585192277834, 0.5344902969800033, 0.5305364557674953, 0.5277430196474124, 2.1636954994944784, 0.5313317638326001, 0.5288526475816578, 0.5306738911124019, 0.546171321497335, 0.543365621141025, 0.523142977000831, 0.5300189562432178, 3.671452130590166, 0.6321069485955424, 0.5653104189928476, 0.8481025250701161, 0.5279275010545532, 0.5260353252872244, 0.5219708170209613, 0.5214138191628765, 0.9527339521166566, 0.533664578741247, 0.5469577060891436]}