{"train_loss": [396.574029871729, 1.6849380180263986, 1.1721642005696382, 1.0947485372642902, 1.0634085001214293, 1.0346126043971562, 1.0230590981138084, 1.0158076479812237, 1.017961721824783, 1.0090153082159954, 1.0155139176530512, 1.0052862167358398, 1.007803502712903, 1.002254364832774, 1.0133059717119226, 0.9965982973867294, 0.996937300116553, 0.9967232212351352, 0.9981116947108731, 1.0020797148614295, 0.999977771648575, 1.0013526865747586, 0.995949233531174, 1.0104530650095294, 1.0050670351912108, 0.9942544920409484, 1.0073968968422533, 0.992486400083072, 0.997334475423928, 0.9958941697296466], "val_loss": [1.0472960948170005, 0.6084130706338139, 0.5756432932692689, 0.5073283041839476, 0.496378368758536, 0.500698699773132, 0.4922987280727981, 0.5099064160089988, 0.48942839015613904, 0.4870093116512546, 0.4843449172648517, 0.5044434312489126, 0.6869103850482347, 0.490668398025748, 0.5089710378027582, 0.4856570711383572, 0.48878506290448176, 0.48663672166211264, 0.4970188775619903, 0.5240222252421565, 0.4840333966852783, 0.4868862985016464, 0.4936367321711082, 0.48707186711298955, 0.4933483720599831, 0.5035633849246162, 0.4815587027893438, 0.4899505632264273, 0.4820463012952309, 0.49995091480094117]}