{"train_loss": [5.099369723295116, 0.978727783308916, 0.9749376035825658, 0.9694240542453809, 0.9756433166454123, 0.9672226302969903, 0.9708912881124662, 0.9645059601712188, 0.9684305356338402, 0.9661537479809796, 0.968270095001426, 0.9757150363961012, 0.9668645413431414, 0.964851577752566, 0.9655583640879558, 0.9702031311942159, 0.9654311717626126, 0.9660329591197252, 0.9685713921052208, 0.9718919431404811, 0.971215181307925, 0.963396759542711, 0.9710797940731827, 0.9744413246143895, 0.967187966549766, 0.9678441851990841, 0.9712159455697649, 0.9707669672141457, 0.9645366570494498, 0.9700797268266973], "val_loss": [0.48519617028824696, 0.48196126791563904, 0.4819366521649546, 0.4816031123136545, 0.48151504741860673, 0.4815361863606936, 0.4814415711474109, 0.4825351218898575, 0.4820249612842287, 0.48152319874082294, 0.4816160484567865, 0.48264302951948984, 0.4813696656908308, 0.482471741832696, 0.4824443223414483, 0.48164757215357445, 0.4844813331381067, 0.48134604367342865, 0.4816164267914636, 0.4815786864076342, 0.48138364414116, 0.48122263767502527, 0.4812405537088196, 0.48159163319445275, 0.48157283141241447, 0.481544904894643, 0.4812801325476015, 0.4812677222025859, 0.48124591735276306, 0.48195930018827515]}