{"train_loss": [311547.8470379081, 264.85034413672196, 198.14950421039276, 124.48352174307743, 205.0475952940314, 44.40536741875902, 70.4749897759268, 106.03027078611427, 167.20267786754093, 89.84959752680233, 192.61189214284812, 63.99649756378684, 296.91524814392574, 13.074606127684502, 82.3853178638813, 46.81189867722852, 118.70775488111362, 43.00023942359314, 116.17314916878307, 59.349352842637416, 101.98387568168111, 155.68947535743527, 77.075980114509, 66.50760483119461, 99.38921478133022, 51.3075590853201, 81.43644691291486, 90.7956421701982, 66.55500879606649, 228.6386420888185], "val_loss": [120.64399843092089, 132.01657253116755, 22.227514588987674, 31.825718470982142, 10.230597945002767, 58.81178642867447, 20.25996464568299, 9.608350707339001, 8.944744249442955, 25.459319702990644, 17.523594806720684, 24.35022746742546, 2.975879652933641, 17.346204497597434, 2.6035307560648238, 100.49812411023424, 12.205282090546248, 125.58951994660613, 20.506374346745478, 401.5764611974939, 801.2637867617917, 9.361852559176358, 1287.4386572899757, 107.36931892494103, 281.2751115080598, 119.80189553793375, 10.059202305682295, 491.41985866001676, 3.784914083295054, 1.7841045573934333]}