{"train_loss": [16.0759361470893, 1.0072011796918623, 0.990284761441279, 0.9835904143373885, 0.9808600573127461, 0.9781726614297117, 0.9797572759002885, 0.9737638897257955, 0.972516912231632, 0.9816682401916914, 0.9780281201661314, 0.9799553025605044, 0.977021498547876, 0.9715273712820952, 0.9728710014512838, 0.9761366143117721, 0.9823795477289944, 0.9809139854172898, 0.9727900812909809, 0.9801661628883387, 0.9718667197771991, 0.9779018681940014, 0.9720739997425049, 0.9781643494501783, 0.9766609788329916, 0.9732310736937779, 0.9710949977303795, 0.9790256577642668, 0.9783299530310887, 0.9743487565591323], "val_loss": [0.5003972705695536, 0.48658822960667797, 0.4842172119911615, 0.48275371728005345, 0.48232757600096915, 0.482827871844366, 0.48155127310907686, 0.4819702784736435, 0.48148225267212114, 0.48254497387966555, 0.4817859205332669, 0.48155037362080116, 0.48129844278484196, 0.4818682951199544, 0.48169234375675, 0.48149912523758875, 0.48196603783539366, 0.4813603139542914, 0.4817150958946773, 0.4814027818766507, 0.4831507314335216, 0.4814056461894667, 0.4815151883023126, 0.48223116664917437, 0.4828159073730568, 0.48178639079069163, 0.48129886253313586, 0.48199832768409284, 0.4812577430691038, 0.4814491852537378]}