{"train_loss": [244820.26718260374, 296.18106641660506, 185.9942266548244, 201.84969467206648, 167.12334994196308, 79.25427547831325, 103.02210952484977, 187.09541888065868, 128.7802641827364, 121.65750877075445, 197.4727829626684, 76.73686945768982, 154.03093157934714, 95.16241842070761, 124.81894187242716, 87.01279367008178, 107.01993523025202, 109.60853219148969, 149.83664952600176, 68.78812310551741, 92.86401282788101, 205.73944017276483, 41.89655950991209, 109.9409726665615, 113.91525024379835, 68.04368800090148, 141.7477764072076, 189.54593945269096, 41.12368698532391, 109.37802850830613], "val_loss": [309.3408907605456, 93.18163899012974, 35.19120552013447, 149.93360162710215, 38.41470748108703, 11.889904167745021, 17.185927483942603, 29.49126082581359, 221.7421124941343, 5.683507561683655, 11.254145495303266, 12.510743531313809, 11.240617807809409, 50.1130458534538, 12.591459614889962, 110.29926027570453, 8.962587505191951, 4.089698546892636, 20.613562038966588, 15.838560903227174, 117.53157033548726, 4.2359438608219095, 9.478427487534361, 22.249703308204552, 40.84613479267467, 18.470855242246156, 38.385220701044254, 11.025870688549883, 60.303233902175705, 20.63785338711429]}