{"train_loss": [50.675946240518456, 2.0618416417092327, 2.0055783053595713, 1.9887211875075423, 1.9880741902704535, 1.9763010670271433, 1.9756334916996916, 1.9779253431867814, 1.9695204156063508, 1.9725458059964327, 1.9787163590529226, 1.97176441049498, 1.974784200382077, 1.9665861013079544, 1.974017640116942, 1.9723292972290885, 1.9639381681725407, 1.9726713117923083, 1.9669586927622411, 1.971699236851143, 1.976893174512157, 1.968562749626197, 1.9763396233563322, 1.9728551259048612, 1.9733902867427657, 1.9750206254629288, 1.9736031968675274, 1.9699993993096405, 1.975490786900917, 1.978940631203706], "val_loss": [1.1070459829522419, 1.013737197046156, 0.9993996449879238, 0.9952703493756133, 0.9927048884428941, 0.9914038192916226, 0.9909137851232058, 0.9921887358287712, 0.9892250005300943, 0.9894852251201481, 0.9925062745422512, 0.9942284729573634, 0.9934268191263274, 1.000903156283614, 0.9886147186353609, 0.988529855167711, 0.9910684417594563, 0.9889423816235035, 0.9930549979983986, 0.9897296653165446, 0.9895040141297625, 0.9895074708121163, 0.9890327585207952, 0.9888565923486438, 0.9892568634702014, 0.9884558575493949, 0.9966559955826053, 1.005164363941589, 0.9888018640604886, 0.9890529137927216]}