{"train_loss": [80359.03674130961, 73.20132326029642, 46.97957069372081, 33.719297667700936, 31.42104643009615, 32.74325368571631, 45.499148867258626, 11.656193013486815, 34.34851424398469, 37.40454030931482, 22.59117938060356, 30.065351660838914, 25.19482573521662, 52.75724812510741, 6.295464167392662, 27.882329545830046, 26.783795340026185, 16.472054734899015, 28.10585965709624, 28.971205575042216, 19.038621911800316, 23.795244148465976, 19.493686947309172, 31.049001500812675, 15.533931757847597, 30.75878045959535, 24.21103677877983, 35.33541706549596, 19.98727137229571, 21.9608805998309], "val_loss": [161.92090626506064, 43.02068707850072, 5.238451840041519, 7.949992059113144, 3.3138168090349667, 2.9914551524372843, 2.0344300657123715, 2.5570917114034875, 3.0958723805167456, 7.312839957026692, 3.1062339420442457, 3.375175623150615, 1.2700755743237284, 1.2370881891095793, 9.807849097561526, 10.764024709726309, 5.547078327699141, 0.9363469106036347, 1.0935617739504033, 4.254653802165738, 1.536663466459745, 38.86518514311159, 2.4800086145277147, 8.632654948668046, 7.609466029452039, 1.0815334850317473, 33.89434618764109, 4.009081459664679, 13.410975827799215, 10.547362380213551]}