{"train_loss": [1630.8066949222061, 5.530843627588978, 2.2707265014555094, 1.613926483017391, 1.3335402262735911, 1.2222655188978981, 1.1490137845423638, 1.1420840230112559, 1.1324901236601015, 1.1304263444359113, 1.1184568957442367, 1.0877903000760039, 1.097815767878615, 1.103449283280147, 1.1069251320295972, 1.1118404927494865, 1.0792836701500474, 1.0869091129808597, 1.0996978226532554, 1.0759199987033452, 1.0892890312543313, 1.0434220772582983, 1.0804778680715825, 1.0727884004205515, 1.0721694922369418, 1.0555588191718495, 1.0694676499576787, 1.0801514323928423, 1.054959656461028, 1.0697469644212023], "val_loss": [3.2009868807606883, 0.944515535970787, 0.6748693562173224, 0.6409391609879284, 0.6155730594288219, 0.5726444966994323, 0.78146000883796, 0.5311355935288714, 0.5044922161024886, 0.6084967015625594, 0.4948766508272716, 0.6722362772984938, 0.5427959017552338, 2.1512578269103906, 0.5745783686250835, 0.4897459139684578, 0.523973633136068, 1.4970755871240196, 2.079546130322791, 0.643636240587606, 0.49011899240605244, 0.5926904697696884, 0.5150768156949576, 0.4841765242737609, 0.7150281501280797, 0.4886912707384531, 0.5529411342236903, 0.507276251912117, 0.6881740402865719, 0.5059018793044152]}