{"train_loss": [395.323889191738, 2.0959426405768213, 1.4096263460389553, 1.2396103404280023, 1.1370309338484075, 1.080309967329607, 1.0562598772383436, 1.0405708018562727, 1.0302932611491902, 1.0180435155383136, 1.0245121708701914, 1.0169714960538543, 1.0089061667635235, 1.015875810219452, 1.0168855833968369, 1.0064830550556276, 1.0044401688637974, 1.0054895316796046, 1.00822910301837, 0.999170313165394, 1.0073848546620878, 1.0134489634492074, 0.9945679817464185, 1.0039356942083475, 1.005753575977649, 1.0054421010647474, 1.004605570489003, 1.002094250518774, 1.0071882640557033, 1.0010647456758757], "val_loss": [0.9349738251079213, 0.7134572592648593, 0.5497245409271934, 0.5426789936307189, 0.5022979812188582, 0.507490488615903, 0.4985270281503727, 0.5114249834766635, 0.4909129731066815, 0.49511080225566767, 0.4939567758278413, 0.48527897236409123, 0.5209644562625265, 0.4880735847083005, 0.48990855820767293, 0.4884156708593492, 0.5212407166307623, 0.4841062058876087, 0.48450141371070565, 0.49535973602301114, 0.5083963981309494, 0.4850803035033214, 0.48576055525185224, 0.48655614353619614, 0.5052966038127998, 0.49247511118263393, 0.49059826213044005, 0.5073916759196814, 0.483114017681642, 0.49686386794238896]}