{"train_loss": [4093.541166255758, 15.761324478790383, 7.017152513220882, 4.86597091455444, 3.596571436130592, 3.259138320437458, 2.994592213902932, 2.775569031133543, 2.649824268666216, 2.6087336133782664, 2.531012425998296, 2.468817341386008, 2.452844439478527, 2.422897826594591, 2.3796394341921534, 2.400213035440367, 2.3870929040099824, 2.337360429335963, 2.4250522332712645, 2.35972591986664, 2.315610554245518, 2.3345194582449085, 2.3690840173117684, 2.3445389428302086, 2.3071287796509012, 2.3608536984753257, 2.332942115735463, 2.3074387677536508, 2.309610360598292, 2.281298462951747], "val_loss": [6.448735023473764, 2.6609912042493944, 1.8996844036238534, 1.807738859932144, 1.5507392364662964, 1.340085312917635, 1.3224064506493605, 1.1918601145992032, 1.2875276022143178, 2.0704790880153707, 1.3366675361410363, 1.1865383568522219, 1.3390823378191365, 1.2234273901233426, 1.139512802873339, 1.1076063262177753, 1.7544775063341314, 1.6341832953614075, 1.0315222120904304, 4.027855495353798, 1.125512881325437, 1.1951237065451485, 1.8707983129984374, 1.0657614624345457, 1.0489970217277478, 1.1816770558233385, 1.333254619852289, 1.0907626631972078, 1.3295896463579946, 1.0087493011703739]}