{"train_loss": [7.521914530539396, 1.9619707841468674, 1.9472891051461996, 1.9446371445648043, 1.9453279880676144, 1.9428080355362636, 1.9344182648433168, 1.944498776417183, 1.9373710239108586, 1.9391313688206633, 1.9347259698839794, 1.9349363464710179, 1.942639586003725, 1.9394746256496933, 1.9324559758965771, 1.9396432249231013, 1.938326955230551, 1.9402984942736479, 1.940743372646475, 1.9329072659011766, 1.9380246686702063, 1.9332885792749352, 1.9393615137305578, 1.9364844371988568, 1.937073437074658, 1.932331286480143, 1.9428513787115573, 1.937081083387963, 1.9382636193155658, 1.9373147419576349], "val_loss": [1.0007657822850462, 0.9922498077541203, 0.9890055226815211, 0.9867387444942028, 0.9866427190892109, 0.9874070391252443, 0.9850579264102044, 0.9850520584490392, 0.9864912067914938, 0.9874784965793808, 0.9847746355967089, 0.9846544114800243, 0.9845876384091068, 0.9879345634540955, 0.9864773409707206, 0.9877351843691492, 0.9850872228671979, 0.984714490639699, 0.9847728699058681, 0.984628070097465, 0.9846569199066657, 0.9929693681853158, 0.9860672780445644, 0.9850455274829617, 0.9867652763019908, 0.9848931842036062, 0.9846126882286815, 0.9851869189894045, 0.9848052298093771, 0.9845050221139734]}