{"train_loss": [1798.811941386047, 3.4437668801909753, 1.8155772079262416, 1.4611061815336517, 1.2696624745358067, 1.2184357140425952, 1.19491588699876, 1.1930257503010127, 1.1410770545581426, 1.1415569254274665, 1.1353157223923949, 1.1350725989357293, 1.1283110699101335, 1.162514166380803, 1.1300740112682734, 1.0598333195994378, 1.107366273978795, 1.1017338496436886, 1.081533825319704, 1.099405355107337, 1.0910129214577728, 1.1066701360666733, 1.1201722157137624, 1.07795875924252, 1.0802077912584214, 1.1009959196383179, 1.0865882298685792, 1.0840656424813324, 1.100138887203926, 1.057894335096462], "val_loss": [2.205449660877129, 0.8758180125967249, 0.7531513858151127, 0.5975680804097807, 0.5668249987549596, 0.5263929686376027, 0.6118801638677522, 0.5750642109226871, 0.9353112566780735, 1.2573434942728514, 0.521714820490255, 0.5031502937728708, 0.48855893836392983, 0.5416454270288542, 0.4965639364022713, 0.5419916212558746, 0.5570577766214099, 0.48804270640596165, 0.613159875978123, 0.7532858809867462, 0.6158965872479724, 0.5116871717301282, 0.485939051423754, 0.6876970347645995, 0.7434997903062152, 0.5192705508950469, 0.48430557839282146, 0.49649899385192175, 0.5131398360063504, 0.4872819761951248]}