{"train_loss": [4817.253144144429, 11.293512597947487, 5.559542064760093, 4.46429483030982, 3.7788139669191194, 3.299734926923842, 3.2607013790292414, 2.9379462355696164, 2.9542515935166627, 2.8264359533300603, 2.7979734408719312, 2.703709207779043, 2.72353013363009, 2.6313710117417877, 2.6378262391098173, 2.625865488029032, 2.5620404302976647, 2.6121719074093694, 2.6192325563648593, 2.5269759947868584, 2.5241943220524377, 2.4767631191219435, 2.5855045911732932, 2.438546161083763, 2.494463203392838, 2.421502967837584, 2.5281390529277856, 2.5069275582984067, 2.4659333267958674, 2.448521441775473], "val_loss": [7.791964478306956, 2.817330835701583, 1.91720466644733, 2.3246077840978447, 2.235238604731374, 2.3680170805423293, 1.4956895662592602, 2.1387873826088843, 1.2965464561016529, 1.4307884094002958, 1.8682051440338037, 1.2007407069980325, 1.774176291831128, 1.1123675061510754, 1.3292228068624223, 1.8978887285505022, 2.307839570107398, 1.312588535345994, 1.3499119212101032, 1.317385460649218, 1.9313512398050976, 1.498469978183895, 1.086341917127758, 1.7760729031129316, 1.182563898625312, 1.3348152761335497, 1.2519019795702648, 1.2072563782914894, 1.0380791971435794, 2.706466194871184]}