{"train_loss": [1208.1787016317855, 4.21895509481819, 2.926866606825911, 2.538144921984214, 2.3557257411141577, 2.2972744164614656, 2.191819237068077, 2.1874522186609116, 2.1543481451068773, 2.143488801711924, 2.1140721684373416, 2.104803043710855, 2.118617081914407, 2.0915480994089197, 2.0919603406896794, 2.092726546049507, 2.0990715785283247, 2.0822111652103565, 2.0756302317437303, 2.105310639004917, 2.0796014620857175, 2.0814830480936495, 2.0853400829371194, 2.0878541889626283, 2.083892818765189, 2.0501915018087886, 2.0778131444146934, 2.067447192128292, 2.065222199161523, 2.0576173232391257], "val_loss": [2.579670802339331, 1.5639035515970998, 1.4664175038213854, 1.2067887171522362, 1.1938221415916046, 1.1027170195207967, 1.093977344113511, 1.0495962156103802, 1.1445113304373506, 1.057743353503091, 1.068196546721768, 1.0251609822372338, 1.3222398881788378, 1.0342237670700272, 1.057200694626028, 1.0026204802773215, 1.023525255454051, 1.031739367293073, 1.0092180266782835, 1.0556336532939563, 1.016896032280736, 1.1718959738681842, 1.0025647073597104, 1.0606818226250736, 1.0049324863916869, 1.0020768928837467, 1.0277834372086958, 1.0595451121206407, 1.081813926046545, 1.0033259488545454]}