{"train_loss": [5.193478366095713, 0.9789636994652803, 0.9727257184842283, 0.9726274523027181, 0.9690630250226032, 0.9708540059419479, 0.9668915689866655, 0.9728467093011878, 0.9669712404636924, 0.968636679221522, 0.9746129144268751, 0.9677579748105458, 0.9740397948619787, 0.9739493644062497, 0.9720075940424622, 0.9682776545817078, 0.9722410439472603, 0.9715068044709148, 0.970393957749471, 0.9713594860003784, 0.9704667094481128, 0.9675841988786009, 0.9758598595420066, 0.9690375199714648, 0.9646702727719193, 0.9631387048794434, 0.9721122405462903, 0.9643372939033571, 0.971623115885705, 0.9734634096820826], "val_loss": [0.48727500206464297, 0.48267413288741917, 0.4819669709964232, 0.481720619774484, 0.48161636544512465, 0.4814012178352901, 0.4813989278945056, 0.4813966199562147, 0.4814536559891391, 0.4812515846320561, 0.4812861561001121, 0.4812289248039196, 0.4812907475929756, 0.4812701083235926, 0.48130240339737435, 0.4812771331567269, 0.4815012071426813, 0.48129964029634154, 0.4812394517969775, 0.4817550824834155, 0.4812120808796449, 0.4813577902394456, 0.4813687013728278, 0.4812000182928977, 0.48129224099896173, 0.48135361539853083, 0.4811936336291301, 0.48125602595217815, 0.48142502408523064, 0.482580272795318]}