{"train_loss": [2.670232732377667, 0.9765657078578072, 0.9700675766191903, 0.9700547083361503, 0.9717255264860966, 0.9724601474127217, 0.9757746895608077, 0.9693249022591173, 0.9706541600274028, 0.9738324490690309, 0.9723603238289352, 0.9698688565809614, 0.9707221850679905, 0.9711693622548662, 0.9733240218380341, 0.9681871978727095, 0.9680896809789524, 0.9743998689519251, 0.9745458125290241, 0.9651004850961644, 0.9720406860939635, 0.9690161295855025, 0.9655023828805174, 0.9753215199193597, 0.9718768923356521, 0.9741486079541155, 0.9684521238916656, 0.9651716930053362, 0.9655717851481663, 0.9760350902940087], "val_loss": [0.48418773304332385, 0.4822218253628, 0.4822539172389291, 0.4815802434822182, 0.48138617617743357, 0.48274574244951274, 0.48276325615195487, 0.48128371792180197, 0.4813550377820993, 0.4812119837318148, 0.4812300718062884, 0.4819700810816381, 0.4812419174553512, 0.4812631237429458, 0.48470948075319265, 0.4826219410865338, 0.48119298049381803, 0.4813327622878087, 0.48153629879672805, 0.4812009748700377, 0.48121476444331085, 0.4811971841694473, 0.48461712664597995, 0.48157460484411807, 0.48133457519791345, 0.48121357312450164, 0.481198656868625, 0.4812124704385733, 0.4812414882245002, 0.4812046986121636]}