{"train_loss": [1109.386038794992, 4.474431874895951, 2.948410066072548, 2.5875708162298405, 2.3839705264587776, 2.268518587310007, 2.1918491566550675, 2.165479368525656, 2.1471066786064408, 2.1306978252155746, 2.1129349839629006, 2.095687561478545, 2.0987080973474277, 2.129681805218608, 2.0592513805890356, 2.063880637069316, 2.083855252670425, 2.0819065446371354, 2.0619364136778318, 2.0636437281504345, 2.0684891803035144, 2.0697081369054646, 2.0655752224012067, 2.083627632936101, 2.052596992808493, 2.0421101759152935, 2.0609331284611687, 2.054059163392271, 2.056598726532393, 2.050692432661819], "val_loss": [3.100508757999965, 1.5591434921537126, 1.309241891681374, 1.1947909570359565, 1.1491523779831923, 1.1430235659921324, 1.0602116731854228, 1.0334077071059833, 1.1403292053705687, 1.3189608803043118, 1.0934948344509323, 1.121386319011837, 1.0346862418310983, 1.0028573576506081, 1.3213873807486, 1.0089709371715396, 1.07700077202413, 1.1094402504431737, 1.0497880369037778, 1.3180676690943829, 0.9984275323229951, 1.0909375629641793, 1.0337840798613314, 1.0246670075825282, 1.006422221660614, 1.0096405938074187, 1.0544389985598528, 1.0466077021964184, 1.011379225300504, 1.1185785117861513]}