{"train_loss": [21.789262995050937, 2.0592083995143895, 2.007250984574609, 1.9972537415646028, 1.9932277891025263, 1.980861506104275, 1.9771390249056295, 1.9840772653676169, 1.978426975877211, 1.981248117971187, 1.9803069773544884, 1.987832899000283, 1.965980167295571, 1.9763612278522908, 1.9821953602366114, 1.9788379791704709, 1.9842020634920328, 1.9835442746055068, 1.9834552069861582, 1.9746077064588836, 1.983332631055138, 1.9797672556430637, 1.9799134258733877, 1.9731695436147842, 1.9763938075761032, 1.9756211001565755, 1.9770636494358056, 1.974683184413692, 1.9717660555053884, 1.9677349138415463], "val_loss": [1.0390700016702925, 1.0141230759682593, 0.9983719835033664, 0.9954896046743764, 1.0033771643390903, 0.9931202677937297, 0.992539670560267, 0.9947011505628561, 0.9976726751048843, 0.9893735736221462, 0.9918515415160687, 0.9893704474746406, 0.9937173464855591, 0.9937479376018822, 0.988387565721165, 0.9884947786083469, 0.9892499775855572, 0.9900376703832057, 0.991526071127359, 0.9893070056840971, 0.9905076843577546, 0.9885662020026863, 0.9891875432683276, 0.9916021115594096, 0.9889341201875117, 0.9945194856687025, 0.9949155151844025, 0.989138655074231, 0.9881969829658409, 1.0191161477720583]}