{"train_loss": [2526.082327791373, 12.738686934186429, 8.049585007143254, 5.873505945501281, 4.779470419611472, 4.071802014433346, 3.852949869379912, 3.5388692218755624, 3.354558971927761, 3.233273834038714, 3.135622820690833, 2.8848048683869703, 3.016094540499552, 2.769499189896451, 2.775535388055089, 2.799741133002239, 2.657545485465406, 2.631188693287711, 2.683743100181878, 2.6247542075581887, 2.6184009175510625, 2.6231152169272716, 2.4998065410197072, 2.5825518525249613, 2.56440167948239, 2.543631804320007, 2.5502417035048395, 2.548723855376438, 2.4697867390771093, 2.513746546493269], "val_loss": [7.608955751765858, 4.436431234533137, 2.739379139689656, 2.9513159278151275, 1.821425995269379, 1.53493385732948, 1.393968531837711, 1.5582608704443102, 1.5314691360894737, 1.6744703356321755, 7.622328789203198, 1.3215530723720401, 1.1119868546337277, 1.120956301689148, 1.0403193924334142, 1.341332235893646, 1.3952105757477995, 1.2956810074967224, 1.1175565615102843, 1.3234182619429253, 1.5326378461602446, 1.279743568463759, 1.0171494042718565, 1.3047639843705412, 1.7445103371298158, 1.0718062999960665, 1.0674215748712614, 1.005066294948776, 1.0115406966054594, 1.0206076313148846]}