{
  "train_loss": [
    7441.31767578125,
    5533.35546875,
    4182.049462890625,
    3228.1547119140623,
    2592.054931640625,
    1650.9239013671875,
    1146.4375305175781,
    821.2128601074219,
    489.5850036621094,
    400.0294952392578,
    356.43627014160154,
    294.5818359375,
    304.2391983032227,
    260.114030456543,
    240.96056060791017,
    222.85426635742186,
    192.38087158203126,
    177.31137390136718,
    152.38944320678712,
    149.1860008239746,
    132.43069076538086,
    94.14967346191406,
    81.42115211486816,
    73.46561279296876,
    63.95871696472168,
    47.32104301452637,
    38.011867713928225,
    36.49282245635986,
    24.808863258361818,
    24.269408798217775,
    15.26959924697876,
    15.137500953674316,
    10.969656276702882,
    11.865962314605714,
    12.005266237258912,
    11.390447473526,
    7.530536556243897,
    9.819212317466736,
    9.059444427490234,
    5.987360239028931,
    6.45901837348938,
    5.667831015586853,
    8.459920406341553,
    6.351304340362549,
    7.977487349510193,
    7.4921058177947994,
    4.706149172782898,
    4.965774989128112,
    5.703016471862793,
    8.993550753593444
  ],
  "val_loss": [
    2820.47294921875,
    2236.77998046875,
    1530.769189453125,
    891.8453125,
    544.9994384765625,
    400.2921630859375,
    248.51787109375,
    131.0365997314453,
    86.8080841064453,
    60.29372100830078,
    42.853143310546876,
    46.69347305297852,
    30.217306518554686,
    19.92048568725586,
    34.45390396118164,
    36.27531814575195,
    12.329451942443848,
    24.47460823059082,
    12.464124488830567,
    11.948515129089355,
    13.294636154174805,
    16.892655181884766,
    8.122220039367676,
    8.141835594177246,
    5.82442684173584,
    6.144879341125488,
    8.423486328125,
    5.278061294555664,
    5.544157218933106,
    5.880598735809326,
    3.57420072555542,
    4.061190414428711,
    5.541535377502441,
    2.46675443649292,
    3.780973720550537,
    3.9376995086669924,
    2.902146911621094,
    4.632226085662841,
    2.14981689453125,
    2.5748650074005126,
    2.539487838745117,
    2.046189022064209,
    2.7916050434112547,
    2.3719663619995117,
    2.193552923202515,
    2.1597569465637205,
    1.97035813331604,
    1.8379228115081787,
    1.7340661525726317,
    2.089054727554321
  ]
}