{
  "train_loss": [
    691790.68125,
    613664.465625,
    502368.721875,
    458327.709375,
    419491.121875,
    420158.215625,
    404471.9484375,
    397005.765625,
    368521.165625,
    362442.15,
    344197.8703125,
    331695.0859375,
    266256.953125,
    220178.88671875,
    164423.78203125,
    110495.0171875,
    83857.4515625,
    56777.978125,
    40836.123828125,
    33058.502734375,
    25339.47060546875,
    17508.5357421875,
    11834.98251953125,
    11257.254248046875,
    7821.564794921875,
    4133.329663085938,
    2831.0476684570312,
    1763.5828948974608,
    1696.7659973144532,
    1755.7004760742188,
    584.9391571044922,
    1043.4012008666991,
    255.82363815307616,
    1296.1806442260743,
    227.5428153991699,
    347.2178024291992,
    196.55186920166017,
    456.6122791290283,
    140.51983108520508,
    329.7861576080322,
    3424.1957695007322,
    185.57696380615235,
    130.36196479797363,
    92.1462890625,
    114.16943817138672,
    124.02377815246582,
    811.8694793701172,
    186.95770072937012,
    233.69980735778807,
    300.7927783966064
  ],
  "val_loss": [
    523632.1,
    523431.05,
    521853.8,
    522177.5625,
    522814.15,
    523365.9,
    521775.8125,
    514353.1375,
    501471.625,
    480710.2625,
    436352.3,
    367485.7,
    257034.4875,
    130954.05625,
    36235.25,
    13828.63359375,
    13774.009765625,
    5079.56845703125,
    6997.79697265625,
    12856.576953125,
    3769.440380859375,
    3341.872900390625,
    7383.06357421875,
    1244.279296875,
    1138.9524658203125,
    556.142138671875,
    503.34609375,
    303.1080261230469,
    546.7903442382812,
    465.5338989257813,
    182.34375,
    94.62655181884766,
    227.72655639648437,
    69.43873138427735,
    135.042822265625,
    158.96890869140626,
    88.56587219238281,
    92.47834777832031,
    46.372728729248045,
    58.75188293457031,
    100.75520935058594,
    39.75649490356445,
    42.55873489379883,
    44.89853515625,
    55.37375335693359,
    44.48642120361328,
    60.037939453125,
    52.52400283813476,
    60.589900207519534,
    95.70803680419922
  ]
}