{
  "train_loss": [
    13226.72216796875,
    12512.99208984375,
    10687.67333984375,
    7569.17763671875,
    6348.3087890625,
    4267.658642578125,
    2999.124645996094,
    2067.135778808594,
    1518.0430419921875,
    1185.8529907226562,
    945.0508422851562,
    810.5504760742188,
    684.669076538086,
    597.244677734375,
    555.4996307373046,
    505.1599945068359,
    475.52683410644534,
    433.71315002441406,
    363.8144226074219,
    324.4859100341797,
    259.2481185913086,
    228.22608337402343,
    200.44013366699218,
    178.122265625,
    159.01318969726563,
    133.03501205444337,
    117.61640090942383,
    100.78309707641601,
    74.28476486206054,
    61.685700225830075,
    66.15608634948731,
    45.35155391693115,
    42.58970127105713,
    41.387682151794436,
    40.32765121459961,
    34.24197235107422,
    30.044934844970705,
    29.601468753814697,
    33.6874942779541,
    33.157752418518065,
    31.96872158050537,
    26.755834007263182,
    24.981251621246336,
    19.32901382446289,
    17.061911487579344,
    20.27765598297119,
    17.93643264770508,
    15.790318584442138,
    16.141242218017577,
    17.113817405700683
  ],
  "val_loss": [
    6457.54765625,
    5535.7431640625,
    4169.6560546875,
    2808.72978515625,
    1913.517919921875,
    1394.725537109375,
    978.5015014648437,
    663.02197265625,
    477.37884521484375,
    355.486865234375,
    282.70648498535155,
    182.80294799804688,
    151.0285186767578,
    124.69644775390626,
    94.81377258300782,
    98.62582397460938,
    66.99029388427735,
    74.25289611816406,
    57.99496612548828,
    42.86180038452149,
    46.72037200927734,
    48.06904678344726,
    34.93451080322266,
    33.90240707397461,
    37.49276580810547,
    25.6726318359375,
    27.953357696533203,
    17.658079528808592,
    18.20820846557617,
    12.624067497253417,
    18.982443618774415,
    12.36978530883789,
    15.623555755615234,
    8.669232940673828,
    11.916604042053223,
    9.763160896301269,
    8.878165245056152,
    6.911082744598389,
    10.367576026916504,
    8.999016189575196,
    7.8571723937988285,
    6.155844783782959,
    6.0813497543334964,
    5.34545202255249,
    4.962007236480713,
    6.585569763183594,
    4.46824369430542,
    4.170595359802246,
    4.172166919708252,
    3.996590995788574
  ]
}