{
  "train_loss": [
    133.09356079101562,
    112.53067092895508,
    98.75577163696289,
    73.74051513671876,
    61.65752983093262,
    41.43185729980469,
    31.803136253356932,
    22.59778928756714,
    14.765999126434327,
    13.837722396850586,
    12.013548564910888,
    11.674528312683105,
    8.942957162857056,
    8.20731496810913,
    7.956158113479614,
    7.011678695678711,
    7.076685190200806,
    6.408422946929932,
    5.731782579421997,
    5.649564933776856,
    5.363435053825379,
    4.51372492313385,
    4.22994556427002,
    4.04457049369812,
    3.6230815410614015,
    3.5245359182357787,
    2.860643720626831,
    2.6654786825180055,
    2.649039602279663,
    2.663505721092224,
    2.5213042378425596,
    2.6668882369995117,
    2.6295149683952332,
    2.3396563053131105,
    2.286586594581604,
    2.4182238221168517,
    2.44013968706131,
    2.244010889530182,
    2.299538421630859,
    2.3243099212646485,
    2.3052603960037232,
    2.1254303574562075,
    2.1628519773483275,
    2.1889100670814514,
    2.0546136617660524,
    2.2000088930130004,
    2.078348624706268,
    2.151038348674774,
    2.1629615306854246,
    2.013259482383728
  ],
  "val_loss": [
    62.30188140869141,
    50.70084991455078,
    37.64127044677734,
    26.79830093383789,
    20.0258358001709,
    14.984895324707031,
    10.803533172607422,
    8.111074638366699,
    6.910920333862305,
    5.577591896057129,
    4.650357055664062,
    3.5816908836364747,
    3.2545867919921876,
    2.6300504207611084,
    2.7639817714691164,
    2.1366673707962036,
    2.5328848361968994,
    1.8927136421203614,
    2.144090509414673,
    1.725507926940918,
    1.794294571876526,
    1.6151508569717408,
    1.5857285499572753,
    1.607682228088379,
    1.4332247734069825,
    1.4207751512527467,
    1.3421468496322633,
    1.2737958669662475,
    1.3524196147918701,
    1.2678712129592895,
    1.2209730386734008,
    1.2920063972473144,
    1.2471562385559083,
    1.1858537197113037,
    1.2205410957336427,
    1.2182236194610596,
    1.1875292778015136,
    1.1606727600097657,
    1.174148726463318,
    1.1600355863571168,
    1.1682920455932617,
    1.1482272148132324,
    1.1411624431610108,
    1.1385258913040162,
    1.1376634597778321,
    1.129818367958069,
    1.1472989797592164,
    1.1345028400421142,
    1.1346953630447387,
    1.1334162473678588
  ]
}