{
  "train_loss": [
    2228230.9125,
    1932470.5875,
    1967811.275,
    1778025.9625,
    1648946.325,
    1648623.5,
    1529665.0375,
    1541653.23125,
    1453474.1125,
    1426429.95,
    1375137.09375,
    1276620.40625,
    1191437.53125,
    978374.7625,
    736822.609375,
    450951.29375,
    387488.953125,
    311420.6890625,
    178347.94296875,
    113291.61796875,
    80249.29375,
    45352.325390625,
    26539.5583984375,
    15498.45771484375,
    8412.815234375,
    7093.9328125,
    4263.121899414063,
    3456.3418579101562,
    2570.3034057617188,
    5306.132556152344,
    3830.703991699219,
    2147.599237060547,
    2437.2351806640627,
    2833.9375732421877,
    3457.162188720703,
    1286.9673828125,
    2096.3094848632813,
    1407.3793212890625,
    1126.4668884277344,
    4972.793740844727,
    1210.561456298828,
    833.8824188232422,
    1490.7971984863282,
    1026.0121704101562,
    1034.4886749267578,
    3961.0701538085937,
    1625.5134887695312,
    886.9193572998047,
    1885.9511352539062,
    1158.1438201904298
  ],
  "val_loss": [
    2081978.95,
    2075843.65,
    2078234.0,
    2087071.2,
    2085075.4,
    2080581.5,
    2050141.0,
    2005847.05,
    1939216.1,
    1796637.2,
    1548910.5,
    1320476.375,
    1000014.15,
    531731.9875,
    321902.06875,
    138093.540625,
    53069.11875,
    47731.3984375,
    69918.28125,
    19432.5220703125,
    12542.65234375,
    12647.1884765625,
    5125.019677734375,
    3641.71611328125,
    2493.6359130859373,
    2199.7109130859376,
    1164.49638671875,
    1845.1450927734375,
    1817.6617919921875,
    1254.72919921875,
    900.6744384765625,
    671.0796875,
    592.6877685546875,
    568.5565185546875,
    584.5102172851563,
    447.97658081054686,
    415.67018432617186,
    316.6049560546875,
    552.7784423828125,
    264.7657409667969,
    390.1397766113281,
    314.06507568359376,
    226.69317016601562,
    215.55699157714844,
    1116.34365234375,
    724.1730590820313,
    163.1570037841797,
    321.96129150390624,
    1258.7875,
    170.63335266113282
  ]
}