{
  "train_loss": [
    135.6285888671875,
    121.4538963317871,
    80.79350204467774,
    48.993119430541995,
    23.589506721496583,
    15.596400833129882,
    12.515601634979248,
    10.140607643127442,
    9.320573329925537,
    6.650604248046875,
    5.631432104110718,
    3.8675330877304077,
    3.033516454696655,
    2.5229570031166078,
    2.5713552951812746,
    2.322898530960083,
    2.2094340562820434,
    2.213465464115143,
    2.0855096697807314,
    2.3087342619895934,
    2.29355525970459,
    2.176654374599457,
    2.123374378681183,
    2.10856956243515,
    2.130340003967285,
    2.1706503868103026,
    2.166897940635681,
    2.1017847537994383,
    2.0092082619667053,
    2.0492146611213684,
    2.0820178747177125,
    2.1784500956535338,
    1.9668932795524596,
    2.0212491869926454,
    1.9710341453552247,
    2.034681534767151,
    2.133776903152466,
    1.9950242996215821,
    2.1204272389411924,
    2.0441987037658693,
    2.0921689867973328,
    2.054122567176819,
    1.9796036958694458,
    1.9744814038276672,
    2.2008364677429197,
    2.081141459941864,
    2.133998453617096,
    2.112117075920105,
    2.049834740161896,
    2.0810829997062683
  ],
  "val_loss": [
    64.68932800292968,
    49.48605804443359,
    31.822338104248047,
    14.202888679504394,
    6.55964765548706,
    7.032480049133301,
    5.044930076599121,
    3.9107848167419434,
    3.2288453578948975,
    2.7495556831359864,
    1.9341923713684082,
    1.5889745235443116,
    1.2741199016571045,
    1.2050939798355103,
    1.2121924877166748,
    1.1886301994323731,
    1.1633514642715455,
    1.1680622816085815,
    1.1699504137039185,
    1.1564032077789306,
    1.1356679916381835,
    1.1244696378707886,
    1.130012607574463,
    1.137478518486023,
    1.1148470640182495,
    1.1133074283599853,
    1.1062280654907226,
    1.0968481302261353,
    1.1019235849380493,
    1.0955796480178832,
    1.0975924253463745,
    1.0927046298980714,
    1.089522910118103,
    1.1084861516952516,
    1.0974940538406373,
    1.0820495367050171,
    1.0820342540740966,
    1.0870966911315918,
    1.0823633193969726,
    1.085730791091919,
    1.078248643875122,
    1.0782735109329225,
    1.0836061716079712,
    1.0793988466262818,
    1.0752694606781006,
    1.0798991441726684,
    1.0814792394638062,
    1.076838207244873,
    1.0828404426574707,
    1.0834665536880492
  ]
}