{
  "train_loss": [
    4984.1856689453125,
    2968.9028076171876,
    1392.9437927246095,
    438.6156723022461,
    237.09376831054686,
    122.8210838317871,
    88.9528964996338,
    51.592057418823245,
    34.32242908477783,
    24.861549663543702,
    18.226621913909913,
    17.2147216796875,
    15.338890504837035,
    9.706430864334106,
    8.507028770446777,
    8.172034788131715,
    8.59220519065857,
    7.2822353601455685,
    8.033234262466431,
    5.129535293579101,
    5.780891799926758,
    5.164194774627686,
    5.140249705314636,
    4.974232959747314,
    3.99827299118042,
    4.122582173347473,
    4.307966542243958,
    3.3808669090270995,
    3.403641128540039,
    4.260120701789856,
    3.5158973217010496,
    3.663311266899109,
    3.07059782743454,
    3.259864926338196,
    3.6032772302627563,
    3.1505527973175047,
    3.267385649681091,
    2.950246524810791,
    2.843358945846558,
    2.733017826080322,
    3.073608064651489,
    2.757341194152832,
    2.5696110844612123,
    2.628898394107819,
    2.5000282883644105,
    2.965188431739807,
    2.6294654607772827,
    2.341850924491882,
    2.5417569160461424,
    2.5451558351516725
  ],
  "val_loss": [
    1975.836181640625,
    1018.67763671875,
    250.64068603515625,
    49.60058746337891,
    126.37052307128906,
    70.12801971435547,
    11.376043891906738,
    7.215485572814941,
    9.232798957824707,
    9.756998443603516,
    8.891794204711914,
    6.939900588989258,
    7.28116626739502,
    4.913650703430176,
    2.942667245864868,
    3.238501262664795,
    4.033168029785156,
    3.705927276611328,
    3.7996511459350586,
    4.37349157333374,
    2.6958425521850584,
    2.7014678955078124,
    2.6698632717132567,
    3.6731075286865233,
    2.9060882568359374,
    2.8015559196472166,
    1.7128122329711915,
    2.062482500076294,
    2.4943380832672117,
    1.9293833255767823,
    3.8223923683166503,
    1.7776217937469483,
    1.7968934535980225,
    1.556999921798706,
    1.4029699087142944,
    1.4762057542800904,
    2.1489917278289794,
    1.1588072776794434,
    2.37325234413147,
    1.1037393093109131,
    1.7274138450622558,
    1.234150218963623,
    1.2552611589431764,
    1.4386593341827392,
    1.2347087383270263,
    1.1413782358169555,
    1.5827935695648194,
    1.3614906787872314,
    2.128687334060669,
    1.0294430255889893
  ]
}