{
  "train_loss": [
    581.0774993896484,
    476.27332763671876,
    457.2026824951172,
    356.2667037963867,
    265.05174865722654,
    215.08468170166014,
    124.55557556152344,
    82.28789520263672,
    63.19033355712891,
    46.74474601745605,
    36.75145931243897,
    34.49204349517822,
    28.747038650512696,
    27.7141056060791,
    26.979144191741945,
    24.287716674804688,
    21.942956161499023,
    20.764579486846923,
    20.370873641967773,
    17.470577335357667,
    15.675434780120849,
    16.120780086517335,
    14.175080108642579,
    12.283241081237794,
    11.739135551452637,
    10.302619743347169,
    10.056853008270263,
    9.000153303146362,
    7.598691129684449,
    7.418366813659668,
    5.665923929214477,
    5.984374856948852,
    5.5172768354415895,
    4.909118485450745,
    4.27535650730133,
    4.058459210395813,
    4.084404993057251,
    3.5325501441955565,
    3.351167845726013,
    3.5327147960662844,
    3.1522393465042113,
    2.8777708053588866,
    3.012423944473267,
    3.0230302572250367,
    2.783427906036377,
    2.6390636444091795,
    2.5614511251449583,
    2.9469760179519655,
    2.712305998802185,
    2.7573692321777346
  ],
  "val_loss": [
    265.0896911621094,
    229.11087036132812,
    181.70130615234376,
    127.16411437988282,
    83.17772521972657,
    59.93643417358398,
    41.64215774536133,
    28.08272361755371,
    19.806276702880858,
    15.831800079345703,
    11.075695610046386,
    9.639765548706055,
    7.921538352966309,
    6.390092563629151,
    6.451200675964356,
    4.691800880432129,
    5.217962837219238,
    3.8246164321899414,
    4.225020790100098,
    2.8522067070007324,
    4.394345760345459,
    2.6261998653411864,
    3.336400365829468,
    2.321577215194702,
    2.6371469497680664,
    2.189595937728882,
    2.2348340511322022,
    2.217143106460571,
    1.8708260536193848,
    1.9340004444122314,
    1.6499534606933595,
    1.6975289344787599,
    1.9615164756774903,
    1.6597234725952148,
    1.536211609840393,
    1.4996712684631348,
    1.6969394207000732,
    1.4927129983901977,
    1.2769149541854858,
    1.430046558380127,
    1.490585207939148,
    1.263223648071289,
    1.300864577293396,
    1.346317982673645,
    1.4864454507827758,
    1.4013117551803589,
    1.2167749643325805,
    1.312244749069214,
    1.2136079788208007,
    1.2997485160827638
  ]
}