{
  "train_loss": [
    667584.534375,
    434905.3921875,
    389361.715625,
    274840.6953125,
    170292.76640625,
    204825.09296875,
    148977.0234375,
    137277.45625,
    87091.043359375,
    97727.78984375,
    123019.767578125,
    99761.598046875,
    68127.99375,
    62931.2205078125,
    71901.133984375,
    57165.9029296875,
    93986.265625,
    70152.714453125,
    43014.398046875,
    37934.82109375,
    52530.5494140625,
    32498.8419921875,
    28778.5310546875,
    25012.43515625,
    28082.283984375,
    48523.7244140625,
    77552.1318359375,
    36354.969140625,
    25374.79453125,
    26422.669140625,
    20516.19931640625,
    34686.090625,
    26379.85302734375,
    23182.38017578125,
    26313.4771484375,
    18136.9685546875,
    26502.19052734375,
    24870.090234375,
    21455.6150390625,
    19614.70537109375,
    20695.848046875,
    18601.59833984375,
    30263.95947265625,
    24984.871875,
    17410.93056640625,
    22970.5599609375,
    26462.57197265625,
    19278.92265625,
    20722.825048828126,
    23283.666845703126
  ],
  "val_loss": [
    501663.525,
    374256.5875,
    428647.6625,
    64751.43203125,
    123834.9125,
    68896.7609375,
    55388.76171875,
    32446.404296875,
    57341.5921875,
    136079.240625,
    117348.34375,
    28877.52265625,
    40171.11796875,
    50120.7765625,
    45803.09140625,
    117889.9375,
    98971.8921875,
    47465.84296875,
    29291.396484375,
    17137.53515625,
    16013.39765625,
    49513.3890625,
    10457.385546875,
    10729.2923828125,
    27206.943359375,
    210090.64375,
    61682.934375,
    40781.9625,
    29700.43046875,
    16512.73125,
    21861.3078125,
    80918.1234375,
    39180.0109375,
    11729.03515625,
    17110.980078125,
    13663.236328125,
    52926.2,
    12075.0615234375,
    10112.46875,
    10696.275,
    9702.676171875,
    8759.6767578125,
    56429.3046875,
    21036.21875,
    13955.405859375,
    15134.48359375,
    21056.084765625,
    10059.9201171875,
    15435.889453125,
    12414.925
  ]
}