{
  "train_loss": [
    496.8452117919922,
    496.95030517578124,
    501.6457763671875,
    381.5472137451172,
    366.18141479492186,
    237.58740997314453,
    162.67594146728516,
    114.81929092407226,
    84.95591430664062,
    52.94704475402832,
    47.01719665527344,
    42.10461158752442,
    35.20279655456543,
    31.486202239990234,
    27.859363555908203,
    24.295629692077636,
    22.20077133178711,
    18.86291675567627,
    16.650607299804687,
    13.324069118499756,
    11.744232845306396,
    11.30489377975464,
    10.32880392074585,
    9.937348318099975,
    8.285095596313477,
    6.419911551475525,
    6.395062971115112,
    5.333487224578858,
    4.487202310562134,
    4.5550432205200195,
    4.59110791683197,
    3.6230737924575807,
    3.7397381067276,
    3.55976779460907,
    3.239361619949341,
    3.41458420753479,
    3.334555506706238,
    3.0638031005859374,
    2.951608920097351,
    2.8436402320861816,
    3.0877363204956056,
    2.849030375480652,
    3.2169161319732664,
    2.7719261169433596,
    2.8178466796875,
    2.5652029752731322,
    2.5868733644485475,
    2.5804747581481933,
    2.6861302852630615,
    2.5341618776321413
  ],
  "val_loss": [
    269.9263977050781,
    248.38132934570314,
    216.01072692871094,
    170.97290954589843,
    123.063330078125,
    83.56684112548828,
    57.34741058349609,
    38.767076110839845,
    26.342156219482423,
    19.279495620727538,
    15.98989143371582,
    13.049900436401368,
    8.877798938751221,
    8.10606861114502,
    6.300333881378174,
    4.676741886138916,
    5.842715263366699,
    4.1141807556152346,
    5.481664657592773,
    3.628923034667969,
    2.834809589385986,
    3.2164440155029297,
    3.0335385322570803,
    3.1115591049194338,
    2.319493865966797,
    2.7258718490600584,
    2.5834086418151854,
    2.0508375644683836,
    1.776703119277954,
    1.9076319694519044,
    1.9039502143859863,
    1.5925920724868774,
    1.6922894239425659,
    1.8339409351348877,
    1.4619545698165894,
    1.4639782190322876,
    1.552013874053955,
    1.3896110773086547,
    1.3837296485900878,
    1.3944409370422364,
    1.428090238571167,
    1.4922801494598388,
    1.3401803731918336,
    1.3026381015777588,
    1.4547138929367065,
    1.343932604789734,
    1.3833874464035034,
    1.3722730159759522,
    1.2543805599212647,
    1.2532821893692017
  ]
}