{
  "train_loss": [
    557.4696624755859,
    358.58001403808595,
    256.00402984619143,
    142.73978576660156,
    62.65839462280273,
    48.50073738098145,
    40.76802997589111,
    29.403925514221193,
    23.957258033752442,
    15.380570220947266,
    10.507805585861206,
    6.391995477676391,
    5.94696695804596,
    4.188452696800232,
    3.7399396657943726,
    3.727703332901001,
    3.8894915103912355,
    3.1187163591384888,
    2.9520707368850707,
    2.806701397895813,
    3.017305111885071,
    2.958187222480774,
    2.887334942817688,
    3.0505240201950072,
    2.709503936767578,
    2.6930752992630005,
    2.5750295877456666,
    2.782523012161255,
    2.945493292808533,
    2.490034210681915,
    2.5430490255355833,
    2.621995413303375,
    2.5533525466918947,
    2.4498630285263063,
    2.4503826379776,
    2.5530983209609985,
    2.388491916656494,
    2.4990869045257567,
    2.492135429382324,
    2.279407334327698,
    2.371443784236908,
    2.317826342582703,
    2.386432576179504,
    2.4837182760238647,
    2.1884228706359865,
    2.403745651245117,
    2.2948335647583007,
    2.18003134727478,
    2.296903705596924,
    2.2175621509552004
  ],
  "val_loss": [
    221.71072692871093,
    151.9279327392578,
    85.18348083496093,
    31.196224975585938,
    16.818361473083495,
    20.246220779418945,
    13.161945343017578,
    6.079497528076172,
    4.710384464263916,
    2.7527184963226317,
    2.083374500274658,
    1.5164378881454468,
    1.576195240020752,
    1.5921574115753174,
    1.5220405340194703,
    1.4782082557678222,
    1.344363808631897,
    1.309661054611206,
    1.2538701295852661,
    1.2093713521957397,
    1.2687057495117187,
    1.2128024578094483,
    1.1612135648727417,
    1.1940504550933837,
    1.1572084903717041,
    1.1415772914886475,
    1.1503010272979737,
    1.1213413953781128,
    1.1173057794570922,
    1.111041498184204,
    1.105400013923645,
    1.1035232543945312,
    1.1147061347961427,
    1.1277069330215455,
    1.0742058038711548,
    1.0831494092941285,
    1.0759992599487305,
    1.0578447580337524,
    1.0694412589073181,
    1.0761461973190307,
    1.0615933299064637,
    1.070876669883728,
    1.0782407760620116,
    1.104921007156372,
    1.0668701171875,
    1.0717573642730713,
    1.0612966418266296,
    1.069438624382019,
    1.0757651567459106,
    1.0827950239181519
  ]
}