{
  "train_loss": [
    2381.359167480469,
    38.18202320933342
  ],
  "val_loss": [
    54.97542762756348,
    7.734020018577576
  ]
}