{
  "train_loss": [
    1849.9403747558595,
    292.3894493103027
  ],
  "val_loss": [
    848.6240081787109,
    14.182847142219543
  ]
}