{
  "train_loss": [
    756.2224182128906,
    390.3566477775574
  ],
  "val_loss": [
    634.3419952392578,
    119.52581596374512
  ]
}