{
  "train_loss": [
    202554.1693359375,
    47869.81879882813
  ],
  "val_loss": [
    137461.21015625,
    14439.712451171876
  ]
}