{
  "train_loss": [
    93.87083673477173,
    40.3029045343399
  ],
  "val_loss": [
    67.1776138305664,
    20.282501888275146
  ]
}