{
  "train_loss": [
    7637.280053710938,
    1185.3131370544434
  ],
  "val_loss": [
    4275.548046875,
    248.56099700927734
  ]
}