{
  "train_loss": [
    57.608273077011106,
    8.304574573040009
  ],
  "val_loss": [
    20.735329627990723,
    4.961750745773315
  ]
}