{
  "train_loss": [
    14.371153354644775,
    2.6750472456216814
  ],
  "val_loss": [
    5.249240303039551,
    2.046510601043701
  ]
}