{
  "train_loss": [
    18.16954596042633,
    5.420967000722885
  ],
  "val_loss": [
    11.082297706604004,
    3.329938530921936
  ]
}