{
  "train_loss": [
    49158.96746368408,
    604.9812561035156
  ],
  "val_loss": [
    2011.4090942382813,
    269.1882019042969
  ]
}