{
  "train_loss": [
    824629.984765625,
    187581.05166015626
  ],
  "val_loss": [
    581105.2125,
    47182.100390625
  ]
}