{
  "train_loss": [
    1597.1196273803712,
    314.08320846557615
  ],
  "val_loss": [
    686.2709411621094,
    163.92705307006835
  ]
}