{
  "train_loss": [
    6.92548217177391,
    3.648193930089474
  ],
  "val_loss": [
    5.475822949409485,
    1.9944823265075684
  ]
}