{
  "train_loss": [
    1941.193748474121,
    348.56903886795044
  ],
  "val_loss": [
    1119.0556213378907,
    86.87424507141114
  ]
}