{
  "train_loss": [
    220.86859436035155,
    161.5118408203125,
    107.6702392578125,
    52.89055061340332,
    21.544305515289306,
    10.402208852767945,
    8.90499758720398,
    6.94813597202301,
    3.200519096851349,
    2.766652834415436,
    2.3027786016464233,
    2.007339835166931,
    2.1253178358078,
    1.535981285572052,
    1.6103355646133424,
    1.3687106013298034,
    1.3354268550872803,
    1.4942479610443116,
    1.5300745129585267,
    1.2263455867767334,
    1.310872995853424,
    1.3243933379650117,
    1.2512660264968871,
    1.1807072460651398,
    1.225481379032135,
    1.1258282303810119,
    1.2264431416988373,
    1.1623409628868102,
    1.098959845304489,
    1.0632070302963257,
    1.1664259314537049,
    0.9977294325828552,
    1.1230902254581452,
    1.088370031118393,
    1.0761795461177825,
    1.048917728662491,
    1.0967488527297973,
    1.0326950669288635,
    1.0854718446731568,
    1.150833284854889,
    0.96689293384552,
    1.0387598037719727,
    1.0906667590141297,
    1.1424412310123444,
    0.9955169081687927,
    1.0278301239013672,
    1.11667138338089,
    0.9848797023296356,
    1.095157516002655,
    1.0926885843276977
  ],
  "val_loss": [
    116.08212280273438,
    89.69322204589844,
    51.97608261108398,
    15.388334655761719,
    2.357758903503418,
    4.4310911178588865,
    2.9858779907226562,
    1.2521756887435913,
    0.7266177654266357,
    0.6941728591918945,
    0.7233236074447632,
    0.7122009754180908,
    0.7060495138168335,
    0.6773772835731506,
    0.6547979950904846,
    0.655914568901062,
    0.6295297622680665,
    0.6209341645240783,
    0.6253902673721313,
    0.604034960269928,
    0.5990138530731202,
    0.576586377620697,
    0.5762668490409851,
    0.5698518991470337,
    0.5807058930397033,
    0.5674627542495727,
    0.5637713432312011,
    0.5613102197647095,
    0.5532012581825256,
    0.5536539316177368,
    0.555414879322052,
    0.5762179732322693,
    0.54852294921875,
    0.5420594215393066,
    0.5590590596199035,
    0.5375690460205078,
    0.5471111178398133,
    0.5366859197616577,
    0.5522884368896485,
    0.5321418166160583,
    0.5455632090568543,
    0.5362194061279297,
    0.5498460412025452,
    0.5389177322387695,
    0.5367721080780029,
    0.5301225781440735,
    0.5292912721633911,
    0.5381954073905945,
    0.5371159672737121,
    0.5302760481834412
  ]
}