{
  "train_loss": [
    22813.0498046875,
    17649.84453125,
    14331.18369140625,
    10223.882177734375,
    6247.35947265625,
    4724.896508789063,
    3294.5119873046874,
    2007.0015258789062,
    1653.423974609375,
    1505.66865234375,
    1221.3783386230468,
    1115.307305908203,
    909.7097717285156,
    750.86552734375,
    705.2059448242187,
    644.9991516113281,
    587.3249694824219,
    410.56324462890626,
    347.8688034057617,
    301.4231918334961,
    236.56871643066407,
    221.08966522216798,
    127.07904281616212,
    98.17913589477538,
    75.88942794799804,
    70.62069664001464,
    54.60300140380859,
    48.756007766723634,
    32.26173210144043,
    70.967884349823,
    42.227259922027585,
    42.490438842773436,
    30.86547431945801,
    31.092117309570312,
    49.2055064201355,
    25.930011463165282,
    28.62437973022461,
    35.0411470413208,
    16.64118900299072,
    20.22865867614746,
    19.608964443206787,
    17.267710971832276,
    24.089111709594725,
    16.284398078918457,
    18.801332569122316,
    13.526841926574708,
    12.611077690124512,
    17.778095626831053,
    15.693497943878175,
    18.446887016296387
  ],
  "val_loss": [
    10493.695703125,
    7670.2912109375,
    4552.2138671875,
    2431.05947265625,
    1764.4322265625,
    1182.947998046875,
    689.4919677734375,
    373.89720458984374,
    307.151806640625,
    241.04827880859375,
    139.5606246948242,
    211.61976318359376,
    135.66994934082032,
    50.29490585327149,
    57.31473999023437,
    56.5243896484375,
    64.8187240600586,
    41.14791412353516,
    37.310265350341794,
    41.73396759033203,
    30.18268585205078,
    20.771259307861328,
    21.518027114868165,
    20.895357131958008,
    10.905868339538575,
    13.099151611328125,
    12.762961196899415,
    8.866295051574706,
    11.692111587524414,
    9.199548530578614,
    9.990492820739746,
    8.782260513305664,
    7.29660587310791,
    7.454039192199707,
    7.549165916442871,
    5.1333025932312015,
    5.413640975952148,
    5.32429084777832,
    9.436194229125977,
    4.895029354095459,
    5.321826934814453,
    5.241262912750244,
    4.383446311950683,
    5.415552806854248,
    4.6644083023071286,
    4.345409870147705,
    5.393513870239258,
    5.184032249450683,
    4.295196294784546,
    3.2396807193756105
  ]
}