{
  "train_loss": [
    49984.63828125,
    41991.525,
    35837.3931640625,
    30017.6365234375,
    21097.46240234375,
    16110.40458984375,
    10348.826953125,
    7743.414111328125,
    5505.165576171875,
    4799.199853515625,
    4214.836499023438,
    3378.497412109375,
    3320.43955078125,
    2886.502294921875,
    2387.4391479492188,
    2332.8358520507813,
    2224.2490112304686,
    1839.8703735351562,
    1620.5924072265625,
    1411.6398803710938,
    1181.3514404296875,
    925.7709350585938,
    871.9172607421875,
    643.8053955078125,
    525.7180541992187,
    436.23329467773436,
    335.25779113769534,
    284.80685272216795,
    215.75890426635743,
    158.04419021606446,
    185.61246719360352,
    124.55624389648438,
    101.19856491088868,
    86.23087463378906,
    69.91194572448731,
    70.0192792892456,
    73.70850276947021,
    42.67825813293457,
    68.41798057556153,
    57.42930374145508,
    63.678493690490725,
    60.43697891235352,
    37.067058372497556,
    40.727888870239255,
    49.57151203155517,
    52.728197288513186,
    47.87480163574219,
    39.836544799804685,
    28.85444793701172,
    49.98021354675293
  ],
  "val_loss": [
    25209.46484375,
    20778.11640625,
    15082.051953125,
    9734.8423828125,
    6739.3544921875,
    4976.31640625,
    3486.058349609375,
    2441.570556640625,
    1798.9782470703126,
    1408.989208984375,
    996.8591064453125,
    722.3836059570312,
    705.335400390625,
    468.0179748535156,
    432.9678466796875,
    392.8376708984375,
    327.3835021972656,
    293.1515319824219,
    258.5892272949219,
    160.28079833984376,
    196.5909210205078,
    176.84886474609374,
    202.49249267578125,
    109.17810363769532,
    115.65478210449218,
    80.21591796875,
    121.61211547851562,
    66.4010726928711,
    60.577798461914064,
    42.757337951660155,
    57.3530517578125,
    38.95848159790039,
    34.866145324707034,
    23.423865127563477,
    22.65713577270508,
    21.478098678588868,
    17.318786239624025,
    15.988449859619141,
    25.779685974121094,
    20.53379669189453,
    19.526487350463867,
    21.835569763183592,
    13.111703872680664,
    14.092691802978516,
    12.492579650878906,
    15.49542236328125,
    15.836149215698242,
    13.095472526550292,
    13.763766098022462,
    14.89945297241211
  ]
}