{
  "train_loss": [
    5685.703686523438,
    4990.4285888671875,
    4805.66533203125,
    4292.908874511719,
    4104.776416015625,
    3673.8141357421873,
    3614.7804931640626,
    3347.866845703125,
    2996.958935546875,
    2175.833203125,
    1691.8490112304687,
    1284.475146484375,
    1216.1361511230468,
    656.5634765625,
    723.208609008789,
    439.88126373291016,
    424.04492645263673,
    291.2012222290039,
    215.0558174133301,
    149.16067428588866,
    99.6797492980957,
    63.958038330078125,
    39.01582927703858,
    33.28177547454834,
    29.528751564025878,
    21.453334283828735,
    12.045008230209351,
    19.24408540725708,
    13.199979448318482,
    18.961271667480467,
    6.311529326438904,
    18.803731083869934,
    10.627436900138855,
    5.706317734718323,
    11.438135933876037,
    4.9204089641571045,
    5.720500349998474,
    6.297980165481567,
    6.246337294578552,
    12.318734955787658,
    6.826617622375489,
    12.057612991333007,
    6.383093309402466,
    3.9856242179870605,
    7.187055778503418,
    7.160063147544861,
    7.253318405151367,
    8.823579573631287,
    4.983414149284362,
    6.385540854930878
  ],
  "val_loss": [
    5183.6962890625,
    5188.9267578125,
    5185.93974609375,
    5088.4029296875,
    4993.13994140625,
    4760.5892578125,
    4181.24453125,
    3471.73359375,
    2197.36513671875,
    1283.569140625,
    373.0349609375,
    264.70733032226565,
    181.5994110107422,
    320.0746704101563,
    74.42162170410157,
    67.4402702331543,
    177.0347473144531,
    50.07350387573242,
    28.328416061401366,
    18.793475723266603,
    28.713691329956056,
    13.553962135314942,
    3.232782793045044,
    12.757334136962891,
    5.0632399559021,
    5.719750022888183,
    3.8151296615600585,
    5.135114574432373,
    2.2100832939147947,
    1.6912988662719726,
    1.1924607276916503,
    1.065403985977173,
    1.0157109022140502,
    1.7055976867675782,
    5.496188735961914,
    3.039557409286499,
    0.7910879611968994,
    1.0193514347076416,
    1.4247262001037597,
    1.7057807683944701,
    6.769563961029053,
    5.9531299591064455,
    1.767618465423584,
    0.9664916753768921,
    0.9008740067481995,
    0.8994389772415161,
    1.8883517742156983,
    1.438037061691284,
    1.8720346450805665,
    0.8838195323944091
  ]
}