{
  "train_loss": [
    58.688899993896484,
    48.717578125,
    40.62594413757324,
    29.35508785247803,
    18.87297468185425,
    15.338172817230225,
    9.37054443359375,
    6.679208183288575,
    4.732581710815429,
    4.257043552398682,
    4.159307289123535,
    3.40271852016449,
    2.7471821784973143,
    2.8429752230644225,
    2.491654169559479,
    2.298835015296936,
    2.154277229309082,
    1.7011370301246642,
    1.6841996431350708,
    1.5746448993682862,
    1.3463093042373657,
    1.2285502791404723,
    1.280854481458664,
    1.2662808835506438,
    1.1233282506465911,
    1.204756736755371,
    1.1080786645412446,
    1.0462909817695618,
    1.023421961069107,
    1.0284736812114716,
    1.0650365769863128,
    1.0252745568752288,
    1.0987375020980834,
    1.0388030350208282,
    1.1160857379436493,
    1.0841305553913116,
    1.0665813744068147,
    1.1526201963424683,
    0.966463428735733,
    0.9599152147769928,
    1.067990231513977,
    1.0453741431236268,
    0.9518662035465241,
    1.0123415529727935,
    1.022909301519394,
    0.9451837539672852,
    1.0376648902893066,
    0.9974150896072388,
    1.0952077031135559,
    0.9768904924392701
  ],
  "val_loss": [
    28.696416473388673,
    22.640323638916016,
    15.232611846923827,
    8.508157920837402,
    5.432427787780762,
    3.7000764846801757,
    2.3213151931762694,
    1.459714913368225,
    1.0643933773040772,
    0.8864143133163452,
    0.8769664406776428,
    0.7591840028762817,
    0.7483389854431153,
    0.7429586410522461,
    0.630376136302948,
    0.6678243637084961,
    0.7146361589431762,
    0.6014083743095398,
    0.6069586277008057,
    0.5782690167427063,
    0.619271194934845,
    0.5749769449234009,
    0.5815621495246888,
    0.5597137451171875,
    0.573331606388092,
    0.5520562410354615,
    0.5769343376159668,
    0.5448678255081176,
    0.5474127054214477,
    0.5347073554992676,
    0.5509667277336121,
    0.5335236668586731,
    0.5361557245254517,
    0.5366556167602539,
    0.5513198137283325,
    0.5270922183990479,
    0.5294886112213135,
    0.5278502345085144,
    0.5312442183494568,
    0.5318968892097473,
    0.5247406125068664,
    0.5230041980743408,
    0.5303817629814148,
    0.5215186357498169,
    0.5288500308990478,
    0.5231469511985779,
    0.521233069896698,
    0.5308754563331604,
    0.5197131276130676,
    0.5205206274986267
  ]
}