{
  "train_loss": [
    137.5360076904297,
    115.81570663452149,
    109.57674713134766,
    93.57388610839844,
    67.67663536071777,
    56.15376510620117,
    31.759538650512695,
    24.642264747619627,
    17.42622575759888,
    14.537110614776612,
    12.773958683013916,
    11.695292377471924,
    10.712421321868897,
    10.118164014816283,
    9.779446029663086,
    9.054566669464112,
    8.175423908233643,
    7.781288528442383,
    7.503352451324463,
    6.610839033126831,
    5.909488487243652,
    6.037689542770385,
    5.444758367538452,
    5.287338447570801,
    4.885651779174805,
    4.162979102134704,
    4.642229986190796,
    4.47896978855133,
    4.095407962799072,
    3.3946621417999268,
    3.343103814125061,
    2.865142059326172,
    2.8127715587615967,
    2.7903395891189575,
    2.482626223564148,
    2.5333353757858275,
    2.284753131866455,
    2.441885304450989,
    2.300731658935547,
    2.2958686113357545,
    2.2879356384277343,
    2.265160620212555,
    2.4571408152580263,
    2.219428277015686,
    2.1818803548812866,
    2.0916648387908934,
    2.2060499787330627,
    2.1641767024993896,
    2.096552300453186,
    2.1057287096977233
  ],
  "val_loss": [
    70.22820434570312,
    64.70039367675781,
    55.045500946044925,
    41.88602752685547,
    28.836934661865236,
    20.650167846679686,
    14.849442672729491,
    9.904350852966308,
    7.407944107055664,
    6.243757057189941,
    5.022478103637695,
    4.46495475769043,
    3.8811083793640138,
    3.3262027740478515,
    3.3182682037353515,
    2.6660144329071045,
    2.594833183288574,
    2.394800615310669,
    2.221235418319702,
    2.2295081853866576,
    1.8793474674224853,
    1.9637929439544677,
    1.8321624755859376,
    1.7813517570495605,
    1.703455877304077,
    1.6805700778961181,
    1.681421422958374,
    1.6335928201675416,
    1.5727368354797364,
    1.5408704042434693,
    1.4745110750198365,
    1.3954668045043945,
    1.3684343814849853,
    1.3390274524688721,
    1.3411649465560913,
    1.3186840772628785,
    1.2828311681747437,
    1.2716624021530152,
    1.2733984470367432,
    1.2734035015106202,
    1.2247021198272705,
    1.2018362760543824,
    1.2023573398590088,
    1.1803967237472535,
    1.1674980163574218,
    1.168471670150757,
    1.1610202312469482,
    1.157139039039612,
    1.1372771978378295,
    1.1336942195892334
  ]
}