{
  "train_loss": [
    53.733619689941406,
    38.61058349609375,
    20.914821529388426,
    11.212578678131104,
    6.573793125152588,
    4.130607175827026,
    2.7966694593429566,
    2.0497106313705444,
    1.5668534755706787,
    1.26614288687706,
    1.129949152469635,
    1.0754834473133088,
    0.9580556571483612,
    1.0388469338417052,
    1.088124692440033,
    1.0827932059764862,
    1.0656970202922822,
    1.0958697974681855,
    1.018812322616577,
    0.9917466819286347,
    0.978814172744751,
    0.9651571452617645,
    1.0661879003047943,
    0.9549216210842133,
    0.993015730381012,
    1.0138540327548982,
    1.058125799894333,
    0.9989020824432373,
    0.9900484681129456,
    0.9875892996788025,
    1.0457754194736482,
    0.9557947039604187,
    0.934447419643402,
    0.9867687225341797,
    0.9687918961048126,
    0.8875341534614563,
    0.9856366395950318,
    0.9670471549034119,
    1.0362887322902679,
    0.971162486076355,
    0.9902299702167511,
    0.9736798465251922,
    0.9382987439632415,
    1.0456956684589387,
    0.983797013759613,
    0.9774768710136413,
    0.8627783775329589,
    0.8959322869777679,
    1.0347394824028016,
    0.9703718960285187
  ],
  "val_loss": [
    28.440452575683594,
    17.81449661254883,
    8.050370597839356,
    2.3909463405609133,
    1.1016776084899902,
    1.1102741003036498,
    1.037745475769043,
    0.7858777046203613,
    0.6685103178024292,
    0.5642217636108399,
    0.5401546478271484,
    0.5352717518806458,
    0.5369092702865601,
    0.5256560564041137,
    0.5220768690109253,
    0.5252684354782104,
    0.5241023063659668,
    0.5232839703559875,
    0.5246569395065308,
    0.5268511891365051,
    0.5217306971549988,
    0.5269098281860352,
    0.5247804403305054,
    0.5203201293945312,
    0.5206091403961182,
    0.5219150662422181,
    0.521651315689087,
    0.5189034938812256,
    0.5199572682380676,
    0.5182833790779113,
    0.5197575330734253,
    0.5193942070007325,
    0.5175060629844666,
    0.5182087063789368,
    0.5178531050682068,
    0.5172820329666138,
    0.5170809388160705,
    0.5170777082443238,
    0.5168217897415162,
    0.5168588995933533,
    0.5160920977592468,
    0.5159811496734619,
    0.5159579873085022,
    0.5166970014572143,
    0.5157265543937684,
    0.5160263419151306,
    0.5160658478736877,
    0.517616081237793,
    0.515882694721222,
    0.5156229853630065
  ]
}