{
  "train_loss": [
    3048748.775,
    2677649.8,
    2294094.9125,
    2014614.9875,
    1960905.8375,
    1763465.6625,
    1660473.625,
    1535250.775,
    1428888.43125,
    1452880.90625,
    1169799.66875,
    825610.1875,
    787544.0375,
    611094.8625,
    350037.571875,
    297941.69375,
    269147.74375,
    201348.79140625,
    184102.76640625,
    146138.36015625,
    106258.540234375,
    97427.9833984375,
    77060.1921875,
    65281.796484375,
    39895.9978515625,
    37836.13125,
    35253.39375,
    20330.5818359375,
    15596.7666015625,
    20909.540673828124,
    9844.409741210937,
    3990.3502685546873,
    4215.051342773438,
    3478.7875732421876,
    3040.7070922851562,
    2601.3359313964843,
    1645.027569580078,
    2450.567901611328,
    5389.059741210937,
    3723.2657470703125,
    1504.3390808105469,
    3502.406085205078,
    2204.4110717773438,
    1352.7708801269532,
    2552.3515014648438,
    1273.4361938476563,
    1520.5823791503906,
    1022.5218002319336,
    1070.5929412841797,
    880.3296173095703
  ],
  "val_loss": [
    2092321.65,
    2085502.75,
    2086280.45,
    2084371.3,
    2075781.8,
    2055505.05,
    2021661.8,
    1943495.9,
    1764188.15,
    1522415.85,
    1081006.225,
    451858.4,
    263675.21875,
    78739.378125,
    33691.6046875,
    24322.5078125,
    26662.796484375,
    12312.7744140625,
    51065.3,
    14341.684765625,
    7327.60009765625,
    39220.165625,
    7294.625,
    45108.3859375,
    6918.04951171875,
    3072.999853515625,
    3513.0197265625,
    2744.531494140625,
    3104.10791015625,
    1214.94658203125,
    2463.528515625,
    1654.040185546875,
    3504.468359375,
    488.494384765625,
    588.627880859375,
    1193.477783203125,
    1630.272509765625,
    1363.2875,
    1779.180810546875,
    339.3465148925781,
    504.60816650390626,
    410.87083740234374,
    204.46504821777344,
    215.86203002929688,
    769.055517578125,
    191.33210144042968,
    664.174560546875,
    184.76186828613282,
    103.82687683105469,
    287.82521362304686
  ]
}