{
  "train_loss": [
    25988.0671875,
    23048.59853515625,
    19311.122265625,
    20428.39619140625,
    17616.443359375,
    16249.942578125,
    15444.16142578125,
    15549.52275390625,
    15483.0359375,
    15730.20927734375,
    14573.776171875,
    14293.0525390625,
    13036.4123046875,
    12137.235498046875,
    9470.772412109374,
    9688.192041015625,
    7523.011254882813,
    7237.8360595703125,
    5699.40458984375,
    5389.16787109375,
    4576.95478515625,
    3861.238244628906,
    3310.753076171875,
    2670.086291503906,
    2226.7170471191407,
    1907.7240234375,
    1459.4103515625,
    1216.536932373047,
    649.9371032714844,
    530.4550567626953,
    274.13802947998045,
    218.6953872680664,
    132.47995376586914,
    135.13665466308595,
    60.08427848815918,
    65.30730533599854,
    30.926589488983154,
    33.649368858337404,
    39.45413770675659,
    23.299034214019777,
    26.962031841278076,
    15.519855499267578,
    39.00861616134644,
    19.62007417678833,
    41.985070610046385,
    20.78444905281067,
    29.343460273742675,
    21.569337177276612,
    23.429257678985596,
    13.051194953918458
  ],
  "val_loss": [
    20708.3921875,
    20713.740625,
    20801.26484375,
    20814.27578125,
    20820.0109375,
    20817.96171875,
    20783.272265625,
    20613.6046875,
    20263.451171875,
    19620.343359375,
    18727.346875,
    17292.850390625,
    14828.285546875,
    11581.31015625,
    7263.733203125,
    3745.39111328125,
    2111.7564453125,
    2134.323291015625,
    1615.4353515625,
    2434.72080078125,
    985.318115234375,
    1273.3345458984375,
    417.83046264648436,
    463.30572509765625,
    285.39109802246094,
    196.69481811523437,
    154.79397888183593,
    491.65656127929685,
    151.62339782714844,
    48.80387992858887,
    51.26749114990234,
    40.90095252990723,
    30.6197021484375,
    30.91021270751953,
    20.25530586242676,
    18.220417022705078,
    15.04993553161621,
    15.155438232421876,
    12.153779220581054,
    12.264549255371094,
    8.991971588134765,
    9.562057304382325,
    7.0549389839172365,
    6.850334930419922,
    9.903561019897461,
    6.5689231872558596,
    16.781902694702147,
    5.81054916381836,
    6.397765350341797,
    4.7390213966369625
  ]
}