{
  "train_loss": [
    13941.783984375,
    12118.10341796875,
    10323.78134765625,
    8168.999951171875,
    6780.958740234375,
    4792.350512695312,
    3132.1069580078124,
    2095.1167724609377,
    1583.6062377929688,
    1235.8959350585938,
    1159.8028198242187,
    928.1857727050781,
    759.9865173339844,
    642.962109375,
    484.78978271484374,
    440.88128051757815,
    380.6169830322266,
    306.7249221801758,
    269.6484878540039,
    225.92144012451172,
    199.9853546142578,
    146.62827682495117,
    118.04144439697265,
    106.9666961669922,
    71.60839385986328,
    64.72027549743652,
    66.24219779968261,
    41.806517601013184,
    53.2803150177002,
    38.4418228149414,
    44.35120525360107,
    34.44023513793945,
    34.60098876953125,
    30.277042579650878,
    25.713524055480956,
    26.84624137878418,
    21.92677230834961,
    36.976437950134276,
    20.37085905075073,
    26.755492973327637,
    21.814078998565673,
    21.244905090332033,
    14.927736282348633,
    21.387800312042238,
    20.09534606933594,
    16.397612285614013,
    17.317220878601074,
    15.130730724334716,
    14.580872774124146,
    14.364374113082885
  ],
  "val_loss": [
    6762.9185546875,
    6185.69111328125,
    5254.56650390625,
    3965.8322265625,
    2709.18857421875,
    1931.3798828125,
    1419.1404052734374,
    940.553076171875,
    665.3315307617188,
    496.90135498046874,
    385.2350219726562,
    261.86443481445315,
    195.97311401367188,
    138.27373962402345,
    119.99297180175782,
    90.77332763671875,
    67.4664810180664,
    74.85549926757812,
    46.230003356933594,
    86.65248107910156,
    33.79204177856445,
    29.336702728271483,
    46.078355407714845,
    22.710350799560548,
    20.600502014160156,
    29.32264404296875,
    15.707841491699218,
    15.044625091552735,
    19.810801315307618,
    11.80809497833252,
    17.780498886108397,
    13.800976753234863,
    15.305960845947265,
    14.692237091064452,
    13.149400329589843,
    8.354292678833009,
    9.17708511352539,
    9.052215576171875,
    6.76467866897583,
    7.2240194320678714,
    6.750656414031982,
    8.303087425231933,
    5.93947811126709,
    6.910124778747559,
    5.613590145111084,
    6.376544189453125,
    5.609080219268799,
    6.73938102722168,
    5.498165512084961,
    3.4462934494018556
  ]
}