{
  "train_loss": [
    796700.46875,
    522939.68125,
    587263.796875,
    536203.4625,
    488902.94375,
    430621.190625,
    409755.821875,
    388054.7125,
    398209.059375,
    404556.5078125,
    377726.7125,
    368211.26875,
    354753.940625,
    314117.3453125,
    306395.6890625,
    242228.509375,
    232510.7640625,
    186459.040625,
    129483.2046875,
    105187.84375,
    100191.223046875,
    91369.103125,
    77774.34609375,
    61575.2646484375,
    48401.6404296875,
    37994.4248046875,
    34429.6908203125,
    26669.57890625,
    29237.984765625,
    14583.063134765625,
    12658.93427734375,
    6494.517407226563,
    5209.887377929687,
    3335.732312011719,
    3292.394812011719,
    2191.777978515625,
    2559.7795349121093,
    1048.6862426757812,
    804.8772796630859,
    540.969140625,
    777.4821716308594,
    1929.3400329589845,
    618.5559539794922,
    448.71105041503904,
    433.5801300048828,
    627.8711822509765,
    269.69233856201174,
    229.88851165771484,
    455.8592193603516,
    508.0278861999512
  ],
  "val_loss": [
    519839.425,
    521196.5875,
    522563.375,
    522596.8125,
    522648.275,
    523594.05,
    523050.3875,
    522194.4375,
    519424.4375,
    511541.35,
    493271.45,
    466219.5125,
    419662.825,
    366014.2125,
    278915.31875,
    193430.571875,
    111425.021875,
    55615.3109375,
    50848.93203125,
    12645.3921875,
    22584.683984375,
    10283.6966796875,
    9519.0970703125,
    14915.703515625,
    9805.644140625,
    6114.97197265625,
    3015.040625,
    9175.50859375,
    2256.379443359375,
    2091.805029296875,
    1170.8295166015625,
    1752.4191162109375,
    752.202099609375,
    529.4721557617188,
    481.64989013671874,
    506.4943908691406,
    930.0159301757812,
    787.5116333007812,
    427.21404418945315,
    578.4420166015625,
    329.26575927734376,
    241.3739776611328,
    208.08057556152343,
    155.59132690429686,
    265.7818237304688,
    231.40557250976562,
    174.26219177246094,
    100.1412139892578,
    106.59467468261718,
    251.26294555664063
  ]
}