{
  "train_loss": [
    29749.6416015625,
    21427.35537109375,
    20475.5787109375,
    17385.7619140625,
    17472.1498046875,
    16052.11455078125,
    17269.4181640625,
    15674.52060546875,
    15612.1587890625,
    15072.03671875,
    14528.9419921875,
    13881.97080078125,
    13385.73037109375,
    13858.800903320312,
    12885.1248046875,
    11548.47109375,
    12244.48369140625,
    12393.698583984375,
    11405.232763671875,
    11644.9640625,
    11926.2552734375,
    9404.2634765625,
    10884.660205078126,
    8717.997412109375,
    8274.19375,
    5953.867163085937,
    4555.061962890625,
    4121.086877441407,
    3722.086315917969,
    2264.8434326171873,
    1890.9723022460937,
    1424.496530151367,
    1032.575439453125,
    539.2070236206055,
    492.68128662109376,
    296.7427947998047,
    240.0437889099121,
    202.15435943603515,
    255.38683586120607,
    178.13528861999512,
    113.7457405090332,
    107.22559509277343,
    104.6410083770752,
    164.71465568542482,
    42.88474807739258,
    78.38662872314453,
    35.32515316009521,
    31.633085250854492,
    151.2782974243164,
    48.98614234924317
  ],
  "val_loss": [
    20839.24765625,
    20919.09765625,
    20956.384765625,
    20913.63828125,
    20935.393359375,
    20955.84453125,
    20952.35078125,
    20935.49140625,
    20953.501171875,
    20887.409375,
    20715.70234375,
    20587.912890625,
    20274.682421875,
    20001.130078125,
    19642.4203125,
    19069.102734375,
    18538.971875,
    17545.040625,
    16338.30078125,
    14120.58671875,
    13190.28828125,
    11000.9068359375,
    8149.2640625,
    6259.70009765625,
    2730.949072265625,
    1476.01552734375,
    393.8109130859375,
    511.94382934570314,
    315.62183837890626,
    290.11614379882815,
    237.63878173828124,
    159.08213806152344,
    168.36617431640624,
    72.41610565185547,
    60.963784790039064,
    60.41496963500977,
    54.692315673828126,
    31.75316390991211,
    29.40450439453125,
    28.545315551757813,
    21.457562065124513,
    22.59105987548828,
    18.461522102355957,
    11.191369438171387,
    12.769475936889648,
    8.524394226074218,
    12.952202606201173,
    21.943324279785156,
    34.257032775878905,
    10.53832778930664
  ]
}