{
  "train_loss": [
    208.713037109375,
    200.42998352050782,
    163.6967544555664,
    118.43988571166992,
    75.88165817260742,
    56.047129440307614,
    32.15164041519165,
    25.22903537750244,
    16.91084508895874,
    16.58675136566162,
    12.56445779800415,
    12.009171390533448,
    9.892888689041138,
    8.488656759262085,
    8.713194513320923,
    6.1508605003356935,
    4.349758815765381,
    4.183584547042846,
    3.8563206672668455,
    3.232130563259125,
    2.818588078022003,
    2.1691572785377504,
    2.116347277164459,
    1.7897718369960784,
    1.5915013909339906,
    1.7603152394294739,
    1.5887078762054443,
    1.6006977319717408,
    1.5916221499443055,
    1.4576814651489258,
    1.2705639958381654,
    1.3434635281562806,
    1.4059695959091187,
    1.4360153555870057,
    1.4783183634281158,
    1.3055138826370238,
    1.331946110725403,
    1.2724831640720367,
    1.3301281094551087,
    1.3781212091445922,
    1.1051012396812439,
    1.1455987691879272,
    1.07330379486084,
    1.1252379179000855,
    1.2397644519805908,
    1.3127003192901612,
    1.0666890621185303,
    1.071914827823639,
    1.14089937210083,
    1.0759140312671662
  ],
  "val_loss": [
    123.62165832519531,
    107.4301971435547,
    81.95892639160157,
    49.965240478515625,
    28.32828140258789,
    19.43735008239746,
    10.765361785888672,
    5.318414211273193,
    4.141108560562134,
    3.1982515811920167,
    3.1237777709960937,
    1.7194113254547119,
    2.6594902992248537,
    1.2876126527786256,
    2.0351983547210692,
    1.068776535987854,
    1.1461577653884887,
    1.2667572259902955,
    0.9450220584869384,
    1.1654133558273316,
    0.9792423009872436,
    0.7712149739265441,
    0.8068527460098267,
    0.8896588087081909,
    0.7105122804641724,
    0.7053028225898743,
    0.7261956453323364,
    0.6225044250488281,
    0.5980754613876342,
    0.6791386246681214,
    0.5898939728736877,
    0.5707085609436036,
    0.5615158438682556,
    0.5612693548202514,
    0.6012222647666932,
    0.5531929731369019,
    0.5742787718772888,
    0.5545395731925964,
    0.5611180424690246,
    0.5443318843841553,
    0.5484620809555054,
    0.5412814259529114,
    0.5457523465156555,
    0.5426598310470581,
    0.539993155002594,
    0.5341757297515869,
    0.5439426898956299,
    0.5318144917488098,
    0.5334475755691528,
    0.5376916408538819
  ]
}