{
  "train_loss": [
    54454.081640625,
    50590.510546875,
    43937.755859375,
    34100.4791015625,
    26271.8861328125,
    18670.3970703125,
    13256.93125,
    8426.671630859375,
    6602.971533203125,
    5120.01494140625,
    4667.73720703125,
    4664.638208007813,
    4016.1937255859375,
    3308.3392822265623,
    2911.2136962890627,
    2637.7749267578124,
    2275.5998046875,
    1881.3417724609376,
    1914.8995727539063,
    1753.4204345703124,
    1442.2327392578125,
    1187.6273071289063,
    1157.0096374511718,
    988.9056823730468,
    794.9988342285156,
    772.6590026855469,
    668.4901428222656,
    476.0027618408203,
    405.6548782348633,
    327.14127960205076,
    298.6740295410156,
    226.94474182128906,
    201.09564056396485,
    145.10235443115235,
    146.281884765625,
    185.2918556213379,
    116.50258331298828,
    131.81357765197754,
    107.05976142883301,
    110.18653869628906,
    83.54804801940918,
    117.98880538940429,
    91.43152809143066,
    68.82675857543946,
    74.74301147460938,
    57.67575378417969,
    57.3273422241211,
    103.20786972045899,
    48.36906337738037,
    53.111531829833986
  ],
  "val_loss": [
    27397.34296875,
    25179.653125,
    21184.910546875,
    15920.052734375,
    10976.761328125,
    7915.70126953125,
    5670.5158203125,
    3543.17001953125,
    2557.56357421875,
    2265.7826171875,
    1828.746142578125,
    1670.2052490234375,
    1368.550244140625,
    1098.055126953125,
    704.10947265625,
    583.159130859375,
    422.94793090820315,
    332.93310546875,
    332.25731201171874,
    279.5717834472656,
    237.8417755126953,
    204.31198120117188,
    294.7797790527344,
    116.52210540771485,
    129.1484848022461,
    172.6214813232422,
    114.02994842529297,
    147.31463928222655,
    86.3459457397461,
    111.05558471679687,
    99.65586547851562,
    47.049164581298825,
    56.83898239135742,
    62.85982437133789,
    40.89879379272461,
    36.63576736450195,
    40.74312515258789,
    37.30736312866211,
    34.3421630859375,
    26.120037841796876,
    25.642843627929686,
    34.08858871459961,
    29.00074462890625,
    19.78853874206543,
    17.515729904174805,
    14.396675491333008,
    21.092297744750976,
    20.20779685974121,
    14.549692535400391,
    13.022459411621094
  ]
}