{
  "train_loss": [
    25589.4853515625,
    23024.82275390625,
    20258.20419921875,
    15410.6341796875,
    11405.7869140625,
    6974.21611328125,
    4765.552099609375,
    3197.399951171875,
    2331.65087890625,
    1677.2999877929688,
    1287.3536865234375,
    1463.8365051269532,
    1241.936279296875,
    1219.530615234375,
    912.8997924804687,
    831.9974792480468,
    742.0306518554687,
    687.6764617919922,
    582.2022705078125,
    476.8687286376953,
    388.28508911132815,
    321.8470520019531,
    223.01117858886718,
    181.48164901733398,
    119.4337947845459,
    118.66434669494629,
    51.32860488891602,
    57.00883235931396,
    58.14907846450806,
    45.50646104812622,
    48.27948265075683,
    28.70376033782959,
    23.084297847747802,
    27.63929662704468,
    31.786838150024415,
    31.61851034164429,
    26.118342018127443,
    22.180488109588623,
    23.950296497344972,
    22.372753858566284,
    34.34020414352417,
    24.854214572906493,
    22.598841285705568,
    12.545585250854492,
    13.184260654449464,
    21.16018123626709,
    13.738308525085449,
    15.576344203948974,
    17.74721517562866,
    13.667696809768676
  ],
  "val_loss": [
    12032.533203125,
    10776.65,
    8708.1462890625,
    5849.011328125,
    3391.1736328125,
    2293.22158203125,
    1483.59697265625,
    782.74736328125,
    465.40581665039065,
    271.36773986816405,
    165.66366119384764,
    147.1349853515625,
    179.353173828125,
    107.24876403808594,
    64.92114639282227,
    155.42208251953124,
    33.43884811401367,
    83.5028564453125,
    33.97095794677735,
    38.82399444580078,
    22.988128662109375,
    39.48549041748047,
    14.179024505615235,
    16.882542037963866,
    23.938043212890626,
    19.052655029296876,
    17.151853561401367,
    14.126919555664063,
    17.621338272094725,
    5.716593456268311,
    22.377559661865234,
    6.553273391723633,
    5.733244228363037,
    7.5906267166137695,
    5.712162208557129,
    9.352850723266602,
    4.5423791885375975,
    4.280833625793457,
    3.354557228088379,
    7.003005409240723,
    3.9373417854309083,
    3.684461498260498,
    3.7220861434936525,
    3.656579780578613,
    3.9069220542907717,
    3.3681052684783936,
    4.5536211967468265,
    2.8725481033325195,
    2.4536799430847167,
    2.4768129348754884
  ]
}