{
  "train": [
    267.27875264485675,
    265.953119913737,
    272.8146057128906,
    267.9946695963542,
    266.4399922688802,
    262.7628224690755,
    261.56871541341144,
    259.35235087076825,
    258.3226623535156,
    264.2455190022786,
    255.5093231201172,
    258.6523844401042,
    257.4841766357422,
    256.86517842610675,
    257.2474365234375,
    255.04840087890625,
    255.9438018798828,
    251.14972432454428,
    250.84744262695312,
    252.95846557617188,
    252.2239532470703,
    252.53888956705728,
    252.6731923421224,
    247.3347371419271,
    245.7663116455078,
    249.31026204427084,
    244.19398498535156,
    243.40740966796875,
    243.18927510579428,
    239.8768513997396
  ],
  "val": [
    280.91546630859375,
    279.80224609375,
    278.6990966796875,
    277.5994873046875,
    276.5079650878906,
    275.4283142089844,
    274.3589782714844,
    273.29913330078125,
    272.24822998046875,
    271.2101745605469,
    270.1760559082031,
    269.1484069824219,
    268.1297912597656,
    267.1224060058594,
    266.1209411621094,
    265.1269226074219,
    264.1424255371094,
    263.16375732421875,
    262.1891174316406,
    261.2267761230469,
    260.2712707519531,
    259.3312683105469,
    258.39288330078125,
    257.46197509765625,
    256.5370788574219,
    255.61773681640625,
    254.69894409179688,
    253.7860565185547,
    252.87713623046875,
    251.9690704345703
  ]
}