{
  "train": [
    284.2317199707031,
    284.65467325846356,
    285.9828287760417,
    281.2968343098958,
    280.17376708984375,
    278.79270426432294,
    275.2385660807292,
    273.68813069661456,
    279.9138692220052,
    271.41701253255206,
    269.0716247558594,
    269.71937052408856,
    263.34556579589844,
    265.3137715657552,
    262.28172302246094,
    261.17723592122394,
    262.2333679199219,
    258.77271525065106,
    258.87848409016925,
    259.333501180013,
    257.01523844401044,
    255.8987782796224,
    253.91153462727866,
    249.27484130859375,
    248.4102579752604,
    249.53152465820312,
    244.8964080810547,
    245.8535919189453,
    240.3077392578125,
    244.40668233235678
  ],
  "val": [
    295.66571044921875,
    294.0926513671875,
    292.5436706542969,
    291.0068054199219,
    289.4661865234375,
    287.9264221191406,
    286.39263916015625,
    284.87786865234375,
    283.3732604980469,
    281.87158203125,
    280.38134765625,
    278.90087890625,
    277.42193603515625,
    275.9537048339844,
    274.48480224609375,
    273.0107116699219,
    271.4935607910156,
    269.8600158691406,
    268.0784606933594,
    266.47052001953125,
    265.01446533203125,
    263.59490966796875,
    262.18316650390625,
    260.7730712890625,
    259.3487243652344,
    257.8688659667969,
    256.24981689453125,
    254.64340209960938,
    253.220458984375,
    251.84519958496094
  ]
}