{
  "train": [
    271.9942982991536,
    271.843994140625,
    266.9485778808594,
    268.281000773112,
    264.88157145182294,
    260.8370310465495,
    265.2922871907552,
    259.8311411539714,
    259.46961466471356,
    260.6484629313151,
    257.45074971516925,
    255.56268819173178,
    262.82745869954425,
    257.43280029296875,
    256.16486104329425,
    254.29713439941406,
    252.0555165608724,
    250.02739461263022,
    251.70787048339844,
    254.2928263346354,
    250.1921641031901,
    252.88059997558594,
    251.54763793945312,
    246.72862752278647,
    246.9051055908203,
    246.5694834391276,
    248.05611673990884,
    243.1792246500651,
    244.57276407877603,
    245.7176513671875
  ],
  "val": [
    279.7588806152344,
    278.6886291503906,
    277.62579345703125,
    276.56353759765625,
    275.5063781738281,
    274.4566650390625,
    273.4190979003906,
    272.38787841796875,
    271.3692932128906,
    270.36090087890625,
    269.3620300292969,
    268.3749084472656,
    267.3984680175781,
    266.43499755859375,
    265.4882507324219,
    264.5492858886719,
    263.62347412109375,
    262.71014404296875,
    261.8033447265625,
    260.90509033203125,
    260.0135192871094,
    259.1336975097656,
    258.26483154296875,
    257.3984680175781,
    256.53680419921875,
    255.68621826171875,
    254.83982849121094,
    254.0003204345703,
    253.1642303466797,
    252.3311004638672
  ]
}