{"train_loss": [2.533437689112995, 0.47932213063535645, 0.47804855507894206, 0.4775625370552256, 0.4773584773937213, 0.47736527392759215, 0.4773456731881053, 0.47739813485308924, 0.477344505257941, 0.4773739288039931, 0.4774098274758356, 0.4773000137452006, 0.47736178180521893, 0.4773795472953292, 0.4773358039035299, 0.4773787222134153, 0.4773064798768154, 0.47738704070764887, 0.4773101812474685, 0.47741817859218716, 0.4773372702944726, 0.47723002369602197, 0.47733591188225427, 0.47720366760140337, 0.47728109816742564, 0.47730737491883035, 0.4772917286023425, 0.4773261016189177, 0.4772949762776081, 0.4774003520875343], "val_loss": [0.48540904382606603, 0.48236835273829376, 0.4817534342601702, 0.4817055264463672, 0.48172035484344927, 0.48137378402344594, 0.4814744433025261, 0.48143542257996347, 0.48131222055329903, 0.4814039596489498, 0.4813899370757016, 0.48125084015456115, 0.4812442795796828, 0.4812461488045655, 0.48131296928826867, 0.4813094673218665, 0.4812365609717059, 0.48134075047133806, 0.4816958455296306, 0.4813966865276361, 0.48234430013538954, 0.4816478591460686, 0.48248224115216887, 0.48134833206604055, 0.48127323756744333, 0.48130171775043784, 0.4812041913921183, 0.48146583062487763, 0.48124894983582683, 0.48120095242153516]}