{"train_loss": [8276.82742585327, 33.0544865150825, 146.4292050078876, 287.096701747636, 830.2140205161218, 14.845740098159816, 10.428670103553847, 157.98576169146216, 107.3190485921614, 177.3995900146335, 6.735540362594567, 32.94959668214714, 133.54450989664088, 168.44026038600026, 14.819576962737042, 40.87981894257407, 59.02679233138752, 52.00132542041542, 60.20853506254722, 46.87520384107873, 48.38907374448916, 54.37891690610478, 26.522030235698132, 33.54061436439222, 49.209375355605395, 16.54024560144247, 79.93512900210126, 9.954171290016486, 39.05197386368258, 16.29744431585511], "val_loss": [5.953929757142996, 6.199454950047778, 14.442167062263984, 13.752620260436814, 24.92845865348717, 8.921091373864707, 31.60590652366737, 8.57396653255859, 4.31205999386775, 4.142375937529972, 3.3683350628072564, 8.767472418871792, 4.888804109065564, 30.492884852669455, 3.251948814113419, 6.5608919425444165, 5.883649107697722, 7.6641574772921475, 61.28717008813635, 10.657203782688487, 116.16723196847099, 61.55952778110257, 3.0889181270227803, 2.5661988258361816, 4.4660398921409215, 41.98456157337535, 4.523830077864907, 2.404487802997812, 190.76412131569603, 2.348754577048413]}