{"train_loss": [1.267306997326809, 0.47730175414248743, 0.47716923862647076, 0.47718579802194194, 0.4771024700479056, 0.47726877133375667, 0.4773471961694285, 0.4773597297232847, 0.477450367482607, 0.47739653918910374, 0.4774019337011589, 0.47733559621099936, 0.4773844738185503, 0.477404392271213, 0.4773887710411825, 0.4773437863072991, 0.4774440837625967, 0.47736577089225685, 0.477455466839851, 0.47738670947890105, 0.4773539177356303, 0.4774015816156471, 0.47740974939666797, 0.47742681849450114, 0.4774153717287602, 0.47742426390554543, 0.47736780620126895, 0.47744841880938355, 0.4773649591314462, 0.4773678934690808], "val_loss": [0.4815026422986737, 0.48126079393671706, 0.48122133759709146, 0.4812324772794525, 0.481327633579056, 0.4812152501824614, 0.48284143325570344, 0.48289366937302924, 0.48126491130172433, 0.4815292975732258, 0.48120165374371915, 0.4812179710957911, 0.4811966862384375, 0.48202233074547407, 0.48149154596514515, 0.4812189263182801, 0.48423947626120084, 0.48140379805843553, 0.48119428540979114, 0.4812748178646162, 0.4811943813964918, 0.4813263578848405, 0.4814162411085971, 0.4819720344884055, 0.4811969438156524, 0.48119180175391113, 0.4814151916411016, 0.4811991811185688, 0.4826064295582957, 0.4863439055232259]}