{"train_loss": [29.492931309036095, 0.6667967765405166, 2.472668281046835, 2.2743880859109744, 1.6099092707548406, 1.7869629931391549, 1.09363435731432, 1.2260713249104642, 1.7874209426744532, 1.399739185029103, 1.2226282567223368, 1.3705214404943133, 1.6842988511672028, 0.6531626006518453, 1.0088654460467483, 0.8558118057970511, 0.9558464476859978, 1.8675763371231895, 0.586385184944551, 0.6066182975278982, 0.752207329378237, 0.9651805276193977, 1.118967434564578, 0.5603636933481518, 0.9020370256161806, 0.979300106427409, 0.5652583661028845, 1.5448437156626684, 0.5349632121415939, 0.6165889055266077], "val_loss": [1.6086794648851668, 0.5430719144158549, 2.367385601842558, 0.8801218224810315, 1.7912504587854658, 0.5524292152810406, 0.528178624518506, 0.5629897392415381, 0.5334815810640137, 0.5339745397304559, 4.045796776746775, 2.580603053043415, 0.5675502845219204, 2.792582804506475, 0.5728345219191019, 0.5259284653833934, 2.8501348123921977, 0.989867124851648, 0.7401458512653004, 0.6432538496983515, 0.5595627312923407, 0.6306195824177234, 0.6233614837968504, 0.5315223605214775, 0.5664695367797629, 0.7313839758371378, 0.58446123267149, 0.53678363039122, 0.5223117470741272, 0.8601131551451497]}