{"train_loss": [5.097153050961736, 0.9915612283577537, 0.98335310247944, 0.9819243937293235, 0.9811984939442957, 0.9810349537731189, 0.9810066983516998, 0.9810102301942971, 0.9809102619258264, 0.9811377227792537, 0.981020082560099, 0.9810588481375677, 0.9810266349871823, 0.9810808344727434, 0.9809061139092748, 0.9810388083364602, 0.9812446773343918, 0.9808622550030905, 0.9810890465926191, 0.9808717015127957, 0.9811229585239977, 0.9809016601879873, 0.9809348273043921, 0.9810270499833061, 0.9806701247299281, 0.9808779750718184, 0.9807936983824165, 0.9810371053743907, 0.9808032444600764, 0.9808366864579342], "val_loss": [1.0114805779673837, 0.9895315255437579, 0.9864623325985747, 0.9860920542246335, 0.9853017949438715, 0.985353363024724, 0.9853012643077157, 0.9848073151978579, 0.9847258921567495, 0.9867637594798943, 0.9859772556787961, 0.985473543792576, 0.986516422652579, 0.9860842758184903, 0.985411333573329, 0.9847960224399319, 0.9846119563300888, 0.9846325834076126, 0.9847775604817774, 0.9849591769955375, 0.9846861854002074, 0.9863340862385639, 0.9845501753416929, 0.9846640295022494, 0.9848047881931453, 0.9845823494644909, 0.9850837425752119, 0.9846605155375097, 0.9846818485817352, 0.9852107813606015]}