{"train_loss": [11.871662821602472, 0.9925686035420728, 0.9841952771191496, 0.9831432622369701, 0.9827237478282673, 0.9827234365811744, 0.9833159169598465, 0.983737767228878, 0.9836111620044241, 0.9836932982745022, 0.9835777260350947, 0.983674408755528, 0.9834949986775198, 0.9833950000719378, 0.983544251463736, 0.9833786026688618, 0.9832685899967859, 0.9831051953854024, 0.9833198227656802, 0.9828408872906186, 0.9832103341866473, 0.9828210008280507, 0.9829697296825552, 0.9830504122993879, 0.9830767275069705, 0.9830051544828866, 0.9825786496064403, 0.9828621951246339, 0.9824995925531497, 0.982969188767973], "val_loss": [1.0102528631687164, 0.9931259925489302, 0.9911384563167374, 0.9901486252035413, 0.9913909938428309, 0.9898104222563954, 0.991018059965852, 0.9911940775134347, 0.9889986747271055, 0.9920633710049963, 0.9897432304047918, 0.9888585960710203, 0.9887890378376106, 0.9888682663440704, 0.9893870016971191, 0.9894782614398312, 0.988825635863589, 0.9900050225195947, 0.9890538233441192, 0.9886112917553295, 0.9881365256650108, 0.9882215160828132, 0.9883191198497624, 0.9887759294602778, 0.9888094853271138, 1.0123408881874827, 0.9914692481616875, 0.9889446427295734, 0.9933404887651468, 0.9896427977394748]}