{"train_loss": [1065.266015190868, 1.8370084142218213, 1.4302226546149075, 1.2194901914814362, 1.128859014048273, 1.1099214697739817, 1.177522991162529, 1.195645003198216, 1.2299954218343265, 1.2165747602845483, 1.2528217295838024, 1.2205760266030203, 1.2377124287759305, 1.228031082993425, 1.2209468885502652, 1.2163042114959455, 1.2210521920664665, 1.2108928661361993, 1.2221501469612122, 1.2173449356248678, 1.2190260139413993, 1.208602335480259, 1.2276157414932625, 1.2935861957792745, 1.1394313492160442, 1.2181935894742097, 1.2235213718445421, 1.1602077227432226, 1.2202240599115755, 1.2050556335324758], "val_loss": [2.2015867349389313, 1.6844207443200148, 1.315944563258778, 1.170309467362119, 1.100463835837005, 1.1681008706619214, 1.0661980463312817, 1.0461726262197866, 2.269275395901172, 1.0806113272518307, 1.3771755548266622, 1.038623896125075, 1.3074687990275295, 1.1547057473814333, 1.4232532614237303, 2.4030759721607358, 1.3098457982013751, 1.3932429544337384, 1.1187652395917225, 1.0114737338833995, 1.0218674037363622, 1.073164376732591, 1.1295715934270387, 1.4494102349529019, 1.2831063007379506, 1.0141456823844415, 1.524456142605125, 1.0015374077604962, 1.2126997608643073, 1.0328911705450579]}