{"train_loss": [6.924823963039268, 0.4838979741099608, 0.47861978188035537, 0.47771582999198314, 0.4773750332887566, 0.477210160132139, 0.4771677790905484, 0.47746473181306054, 0.47738039600518556, 0.47772755577163634, 0.47763460368938976, 0.47720445427575664, 0.47757584298998845, 0.4774995908554382, 0.47761089902912035, 0.47749793505201915, 0.4777592583445507, 0.47738138356566623, 0.4776548564822989, 0.477454070603478, 0.4773221432579283, 0.4777477364652892, 0.47734760348404015, 0.4774197637548649, 0.4773600459779456, 0.47756141341529895, 0.4775446811371876, 0.4773883924593155, 0.47743529334153867, 0.47749208606670185], "val_loss": [0.5017683875638169, 0.48395668841027595, 0.48242524750046917, 0.4818957765381058, 0.4817083621179903, 0.48153911705140945, 0.48136085658878475, 0.4814724061009172, 0.4904580758763598, 0.481646471789905, 0.48207566200138685, 0.48132224071335483, 0.4820075433749657, 0.48133162786434225, 0.48201480546554965, 0.4828553950631773, 0.4812553853957684, 0.4813270334686552, 0.48132813325175994, 0.48130592568354175, 0.4814443059942939, 0.48210382035800387, 0.48125753967792956, 0.4814814321406476, 0.4813650914213874, 0.4812885687335745, 0.48127642254550734, 0.48194550151948806, 0.48206477080072674, 0.48171750968926913]}