{"train_loss": [232.12465975724075, 1.1542003023488292, 1.048519493899571, 1.0213957657432868, 1.0120372622475928, 1.0170017503214115, 1.0301181602050196, 1.0403138084084913, 1.04471363669313, 1.0500658704833923, 1.049137355161141, 1.0459941747138006, 1.0520531181215655, 1.0454051525713375, 1.043606823459146, 1.0441478066887786, 1.042436021187177, 1.0444561057339679, 1.0428589491042966, 1.0414100360325849, 1.046168605130026, 1.0435160082471702, 1.041015297514774, 1.0377818438396174, 1.0352183446215184, 1.0387083371739598, 1.0443124594151683, 1.0449558444941025, 1.0312462441295045, 1.0372504092157373], "val_loss": [1.3228236057541587, 1.0887143317755166, 1.0371724951576877, 1.025381025168803, 1.0154696791977078, 1.0169584681461383, 1.144736508657406, 1.018732810175264, 1.0074790410407177, 1.0226519982536117, 1.2412085842776608, 1.0323140245753448, 0.9954419538572237, 1.0237642739500319, 1.005332102249195, 1.1040810276935626, 1.1841209379883555, 1.0022735719556932, 1.4686742525596124, 1.0260794592368139, 1.0480075559832833, 0.9925606351394158, 1.0002997807868115, 1.002852756094623, 1.0392656426925164, 1.0092141268315253, 1.0974577734996747, 1.0079024747594612, 1.0004484858605769, 1.0041164469409298]}