{"train_loss": [4.714375640352243, 0.47793269910975733, 0.47733994934337176, 0.4771842793675465, 0.47704348566092636, 0.4770483235064377, 0.47760376903011204, 0.4778879269787382, 0.4780549844073627, 0.4781951377286802, 0.47805974976468046, 0.4782272614234812, 0.4782350380307893, 0.47783788975455826, 0.47806195411557667, 0.47805163064944217, 0.4781931985844212, 0.4781609199467141, 0.47793070852853736, 0.477952962063654, 0.47799236972802617, 0.47804470382156805, 0.4780191334775766, 0.4778527222683146, 0.47798439641566687, 0.4780279379003783, 0.4779262691493136, 0.47794698059656104, 0.4778725272971304, 0.4779338079214485], "val_loss": [0.4834362278123955, 0.48176046218964963, 0.4814893051788404, 0.48135202136132627, 0.4812895276329734, 0.4812510601885907, 0.4817283486391043, 0.48123228937000423, 0.48565706630031785, 0.4858943974816954, 0.48136308576379505, 0.4908971745859493, 0.48141778792653767, 0.4812211605248513, 0.4867171064599768, 0.48146731319365565, 0.4825520732186057, 0.4812604200530362, 0.48123169487172907, 0.4812690170554372, 0.48212765563618054, 0.4812015298899118, 0.4812356742558541, 0.48563094649996075, 0.48121929729913737, 0.4812020928441704, 0.48120568150823767, 0.4813031970293491, 0.48294615223036186, 0.48237873420312805]}