{"train_loss": [7324.2675968126605, 380.88215214976674, 601.1384299030896, 1260.0546313934576, 299.7666371580438, 470.37607486329694, 398.065326559213, 530.439392541789, 294.07637234496445, 377.5382797578031, 260.11911382177334, 123.53401056199439, 422.0518591357289, 55.29805996678587, 520.0439155214568, 61.958295049325095, 282.15653602567426, 117.60887747332089, 153.05397065700947, 140.31946581689607, 92.15696592743207, 191.37734255218973, 157.31476147062043, 361.4300949067898, 25.35973276030181, 146.95297619802528, 159.90111662707554, 47.61410689470624, 241.6470169717686, 11.991891250719254], "val_loss": [193.93369075230189, 77.96725624877136, 666.6183636157543, 51.504222956570715, 28.293680073378923, 1138.8726279518821, 122.48788427377676, 16.56810240931325, 18.779107075232965, 48.82373365179285, 17.094077060749004, 56.2047988222791, 12.813880499307212, 63.330299179275315, 14.4456483388876, 208.1448522790686, 46.02675437927246, 11.185119576268383, 53.60506045353877, 23.53279668015319, 86.46238034731383, 6.170147044318063, 106.22383925202605, 11.369833444620108, 14.270767589668175, 123.79624032354974, 11.160359162788886, 23.12812130172531, 5.757840185970455, 160.23972479089514]}