{"train_loss": [329.33453353933174, 0.7609445146401983, 0.6691477729484657, 0.7687534416188618, 0.6090779953543553, 0.6634623195374382, 0.6525510693452098, 0.6725543415079692, 0.6380276654225578, 0.6733972759853568, 0.7083416086231126, 0.6502840048337255, 0.6787316884243858, 0.8530990470680871, 0.5375129752602508, 0.5833808798191015, 0.6316335398162948, 0.7159496100458391, 0.5628979609607678, 0.6369510130625564, 0.6052520593072228, 0.7643633268494007, 0.5704801817216453, 0.6082193219447797, 0.7194981960546328, 0.6454034441835923, 0.5394809981154773, 0.6778746236109617, 0.5410087927325126, 0.6901452437796756], "val_loss": [0.8001503472204332, 0.6474231264807961, 0.6360917133944375, 0.7022668556733564, 0.5693374746418619, 0.6704090616919778, 0.5400865604351093, 0.595012979073958, 0.5439085221135771, 0.5398321890985811, 0.5586604994612855, 0.5507164864571064, 0.5499576366954035, 0.5554911511672007, 0.6292101760189255, 0.5950206403995489, 0.526462852761343, 0.5306410185702435, 0.5341785573340082, 0.7497691051526503, 0.5287958639008659, 0.6182776302486271, 0.7293244848003635, 0.630503443928508, 0.522832713537402, 0.5421738922595978, 0.8548519909381866, 0.6053722524023676, 0.5346444086595015, 0.5279925827469144]}