{"train_loss": [95.91732635330804, 0.5134163590764922, 0.48538837288954517, 0.4809702209897376, 0.47938891049310395, 0.4884063419179465, 0.49788187072288737, 0.5029102932376146, 0.5051740222226154, 0.506877287225661, 0.5075264909041842, 0.5064325685602222, 0.5046806367050376, 0.5105592605048642, 0.5035622827769493, 0.5028486761338948, 0.5055788665475114, 0.504528877250911, 0.504655488990065, 0.5072246897862358, 0.5014724699844155, 0.5000351468559968, 0.5026873497453443, 0.5002019634838011, 0.5018832245522572, 0.49862880214781397, 0.5026693793338819, 0.49974555861308173, 0.498735790783585, 0.4982409988200295], "val_loss": [0.5691106965789547, 0.4932523253676179, 0.48650073966422636, 0.4836273326889261, 0.4835843225191166, 0.4820740772532178, 0.48162332931896307, 0.4844786977613127, 0.481314774651032, 0.48348757295639483, 0.4895241634025202, 0.48919052079126435, 0.4858103549325621, 0.4812271966562643, 0.4823905597259472, 0.560439996518098, 0.48111345802808736, 0.48135660511332673, 0.5568746247074821, 0.4916946976989895, 0.48202224578950315, 0.4812054413479644, 0.4868020417241307, 0.4846247523636013, 0.4811152227513202, 0.4811075445893523, 0.4858771713523122, 0.4832381135844565, 0.48215418686340383, 0.4839897295097252]}