{"train_loss": [21.533912771774933, 1.0246382919649122, 0.9926065691727021, 0.9863791211977674, 0.9841613311557552, 0.983482020519686, 0.9834041034416896, 0.9827302605837438, 0.9831475561050178, 0.9831960449210971, 0.9830758571624756, 0.9828225582303269, 0.9829912232341425, 0.9827795883376291, 0.9831225131114194, 0.9827441161841786, 0.9825343377827431, 0.9836481112445937, 0.9823073271242674, 0.9824576037548495, 0.9827037508102654, 0.9835434358621694, 0.9819151770815764, 0.9824362855167607, 0.9824194688392502, 0.9824129309000821, 0.9822247811087192, 0.9828579665980565, 0.9820278017594802, 0.9824719950192127], "val_loss": [1.113125992672784, 1.0078827781336648, 0.9967444813870764, 0.9922154638674352, 0.9910885285247456, 0.989960920501065, 0.9907175867588489, 0.9897388297242004, 0.9939729064315944, 0.9896749184503184, 0.9917463853761748, 0.9888349868260421, 0.9904304959557273, 0.9893375859632121, 0.9905398178410221, 0.9892203447880683, 0.9888524223457683, 0.9884684167125009, 0.9967153006559842, 0.9886447094477616, 0.9998639496889982, 0.9885131577392677, 0.9895795250867868, 0.988758246232937, 0.9885945169182567, 0.9886433675691679, 0.9935159865137818, 0.9887293441729113, 0.9913557702070707, 0.9922122196717695]}