{"train_loss": [165.91080415093296, 0.6227335208878043, 0.5224698300171055, 0.5016001814438508, 0.49276767304048646, 0.4876132837419214, 0.4857736965474258, 0.4879311124321687, 0.4927326801064353, 0.4875978668498371, 0.49118720658646126, 0.49036657537955053, 0.49065366119972836, 0.49136039395900183, 0.4919296128228671, 0.4878002645335423, 0.4956501692193173, 0.48853157628418764, 0.4914296019038407, 0.4868062345180387, 0.4907228819794989, 0.4885788213273246, 0.49122085165821905, 0.48831417023843887, 0.4870951112487382, 0.4903972436222711, 0.48789601657557835, 0.48842149117253536, 0.4913104539205355, 0.48561824948130383], "val_loss": [0.8480216620804427, 0.5446148284456946, 0.513049552967022, 0.4993550047858969, 0.4916349146273229, 0.49046476127265337, 0.4869606462004897, 0.4955712723267543, 0.49675367559705463, 0.48492498463624484, 0.5127342627807097, 0.49910558953687745, 0.4869873125057716, 0.4963423820672097, 0.49651818035484907, 0.48896781035832, 0.504015626264857, 0.4835282088100136, 0.48237607966769824, 0.48476828189639304, 0.4889402449518055, 0.5020776259434687, 0.4837331245471905, 0.4862164609230958, 0.4880586965130521, 0.483593458479101, 0.48209057322570253, 0.510571376843886, 0.48182459659390636, 0.4821273022657865]}