{"train_loss": [117723.9670356514, 60.06424581440588, 68.01574926314113, 86.59435080626271, 33.81408172174923, 63.23756279564215, 54.074562896523155, 79.66045478039814, 26.549651031198547, 80.33417518220563, 81.70629546031672, 34.931607614528104, 63.289406546371794, 32.493492495566365, 100.43241594218897, 14.3644278018354, 88.35390864149781, 32.69810382363069, 56.68074316807322, 51.26465689883147, 20.71133140599747, 61.704323170235654, 25.50318834190462, 109.95816640266587, 27.6859113440817, 21.17812006741908, 58.562763134379175, 60.85222419284491, 34.728401676671155, 24.516872305562796], "val_loss": [88.71214311773127, 49.28828549075436, 60.69003372687798, 219.20189557756697, 23.493438188131755, 35.226816325992736, 7.518884121597587, 35.01264113884468, 5.03806683305022, 100.7263395136053, 5.154024847142108, 3.6406605181755958, 51.08999371218991, 35.79934247747644, 26.814948373026663, 4.062003496405366, 12.661073034459895, 9.825715808125285, 5.388871014892281, 3.420521156354384, 3.2826043785392462, 17.230721752364914, 20.39555498841521, 5.414427085356279, 10.020279432271982, 13.731203153535917, 4.841799229770512, 3.256042119744536, 28.61183986416111, 8.428497007914952]}