{"train_loss": [2547.489716730927, 3.4745062624649745, 1.8418794815925361, 1.5874499535677289, 1.4361843209087752, 1.3669154066440525, 1.3514123639702602, 1.2717522965169847, 1.2744003447778463, 1.2589558389214084, 1.2207649104163465, 1.1849085406611444, 1.1946040234402382, 1.2707413433037613, 1.1126763817731165, 1.1761952681409205, 1.1505190957623244, 1.1672328360512438, 1.177305016587648, 1.137999457111172, 1.1469790435731897, 1.119284069460329, 1.113659597046029, 1.2283765039669554, 1.0673828290298362, 1.111676413025008, 1.1813196769351866, 1.1104972275979756, 1.1208899992519645, 1.0889499502508715], "val_loss": [7.168321518154888, 2.2781861238665395, 1.8420460959533593, 1.5187243896645386, 1.4766481890306844, 1.405313410542228, 1.2171366346346868, 1.2227001105036055, 1.310125494158113, 1.1133204791452977, 2.6832408053534373, 1.1513231625030567, 1.5000813796922758, 1.05585500868884, 1.386669622613238, 1.6859345699285533, 1.0643627833236347, 1.0609523115994095, 1.0205647658992123, 1.125781491592333, 1.0515715739169678, 1.033343378986631, 1.890429144555872, 1.0413791448264926, 1.245940785129349, 1.0188652246029346, 1.0239933593706652, 1.020498409286722, 1.0180624866640413, 1.1007253070930383]}