{"train_loss": [1088.0392462318523, 1.0462952102572456, 1.25973387021225, 0.6531197063588396, 0.901680404706258, 0.9177296198600657, 1.3327593186453932, 0.649246098409858, 1.0472328524313392, 0.8478700759749234, 1.1803726496062503, 0.7937429518625748, 0.9794325176109886, 0.8900549569779469, 1.0552290393127703, 1.046224285202742, 0.7192237138456467, 0.9371980503566113, 0.7261439142277735, 1.2973657399659055, 0.9419750384561001, 0.770577407048538, 0.8399163281839784, 1.1240839443821309, 0.7051394440318788, 0.77161824129534, 1.1063170519096817, 0.8031978336866294, 0.7881643261645007, 0.9021039685359009], "val_loss": [1.092293596112883, 0.6883468577614078, 0.6017587513892682, 0.5789560569184167, 1.8173881444064053, 0.9975787629554798, 0.5438856664416077, 0.5131315958577317, 0.5250119414035376, 0.6283150001779779, 0.5478815370565885, 0.4979773593413365, 0.5201053954177088, 1.2108086045686302, 0.530913406378263, 0.5300637173962284, 0.5273278253032015, 0.5318042423043933, 0.580232845885413, 0.5133400251726051, 0.8075362142030295, 2.6337142555744615, 0.538602950317519, 0.7954638221047141, 0.568631540451731, 3.7355537321660424, 1.257414384321733, 0.5598420972947951, 0.497680310692106, 0.5222489379056088]}