{"train_loss": [437.05396829479866, 1.5789007016535102, 1.2014440554779078, 1.0961768808022603, 1.0556421239068807, 1.0419431469763278, 1.0346270614891613, 1.0433424451611755, 1.032205999383724, 1.0332394107130962, 1.034649589322325, 1.037379722221835, 1.0313260309264478, 1.0273046223218834, 1.0372842595005503, 1.025000638129466, 1.0355364756133, 1.020282687117964, 1.0395695912312917, 1.0187034453303352, 1.0245732860502956, 1.031734164834606, 1.0191127195054905, 1.0333969468588153, 1.0145367067945334, 1.0353957663546962, 1.0182725582970686, 1.0158074351352735, 1.0210403586095154, 1.029917749456247], "val_loss": [2.327837950223452, 1.3311251487050737, 1.1548486967365463, 1.0688803455272278, 1.0485517672904126, 1.050536166924935, 1.12566714975741, 1.0110190294005654, 1.0106348704982113, 1.0053433640436693, 1.0033117257929467, 1.2135489180490568, 1.0040649814265115, 1.165776938199997, 0.998945812900345, 0.996418095641322, 0.9962496053088795, 1.0453854683157686, 1.0019682401960546, 1.011664495839701, 1.1464848572557622, 1.000217402136171, 1.0239031988304932, 0.9995012469105906, 1.0015994770960375, 1.0787329983401608, 1.0004448255935272, 0.9992085482392993, 0.9915117040857092, 0.9972875350481504]}