{"train_loss": [565.690702311172, 1.7172510705608723, 1.3504745149301276, 1.197811350542414, 1.1085565677474802, 1.0648796042065831, 1.043068016722774, 1.0432668331202246, 1.0504266523420325, 1.0243167029313902, 1.0365640788443908, 1.0492186259484408, 1.0269051780513994, 1.023965750588484, 1.0228639985958865, 1.0221217188127278, 1.0278714596739018, 1.0190849816624141, 1.0235670866235045, 1.0183686301914359, 1.019426845123484, 1.0158446178350713, 1.0194408243087532, 1.0174972422749144, 1.01374684782246, 1.0104889599378502, 1.0212728364627086, 1.0189146527847301, 1.011772918565044, 1.004754615549551], "val_loss": [2.4566453161177697, 1.4921517944955207, 1.2651266138274948, 1.1558003410116418, 1.0958978990455726, 1.0492835602202972, 1.0778710408644243, 1.01818737735996, 1.034212602423383, 1.0415127908254598, 1.3181216376168388, 1.0592642194264894, 2.441509208121857, 1.0071332443070102, 1.2217051928693599, 1.0033742773842502, 1.0929502871903507, 1.0364899016045905, 1.048575135794553, 1.0402338760239738, 1.074487686931313, 1.0240891970597303, 1.0143581880377484, 1.0022345893568807, 1.000605109837148, 1.0265001770737883, 0.995931162462606, 0.9980439133458323, 0.9928841842459394, 1.0540052981345684]}