{"train_loss": [3.239912323520001, 0.9827580031913024, 0.9812977579445085, 0.9811128741570826, 0.9808143974322868, 0.981113125021656, 0.9811562122761911, 0.9813001678001628, 0.9811508642907633, 0.9811995138351913, 0.9811813277093661, 0.9812875497010559, 0.9814547304228118, 0.9813373997977662, 0.9810684145372026, 0.9810670035698286, 0.9811384031278663, 0.9811465918142683, 0.9812226631901976, 0.9810918300225723, 0.9811336277554125, 0.9811413123790436, 0.9811724547849783, 0.9809796115897025, 0.9811141939186544, 0.9810771871157611, 0.9811487065637287, 0.98097572668925, 0.980978647316844, 0.9809376155960619], "val_loss": [0.9884914539077065, 0.9858494629333545, 0.9853253770958293, 0.9850065464323218, 0.984764630918379, 0.9859344537382002, 0.9863690335255164, 0.9849724614775026, 0.9848058777196067, 0.9851046289716449, 0.9845884573924077, 0.9846851098072993, 0.9850659772947237, 0.9845203157369192, 0.9849386741588642, 0.9846534574186647, 0.9848628705972201, 0.9848148985342546, 0.9846190872130456, 0.9860157440235089, 0.9845003818536734, 0.9844616295455338, 0.9844879194513544, 0.9857024008577521, 0.9845899951148342, 0.9844714515394979, 0.9856448939868382, 0.9854754468837341, 0.9857107698917389, 0.9844958395152897]}