{"train_loss": [1192.9263496143199, 1.215822185233211, 1.5497276216113354, 1.1002230773547734, 0.9334794299929215, 1.6573160408371619, 0.6761729812544283, 1.0828568879484546, 1.4660934452909435, 0.8480605422283658, 1.1697275806309544, 0.8292204612717154, 1.3140091595116876, 0.8915880433789669, 0.8704693573625791, 1.0260152150231123, 0.9867144296064267, 0.7839453655977233, 1.1688169746083887, 0.7697193759689518, 1.7020176957812627, 0.6772474717063188, 1.4227216072611475, 0.5787320110770656, 1.148426428899096, 0.6313712221568794, 0.9133693055169229, 1.0195673059483725, 0.9488875123065992, 0.7258090682169741], "val_loss": [1.512582600890816, 0.9784889383749529, 0.8342945699567919, 0.6197318101858164, 2.0090633893941905, 1.5464381173059538, 0.5867395888675343, 1.4221936363678473, 1.2706157379336172, 0.5595593502769223, 0.5437787184854607, 1.6743979202462482, 0.7830851592800834, 0.8597608115765956, 0.5400196149364694, 0.5554294957743062, 0.6400703598152507, 4.507499532266096, 1.0681284844101249, 1.4143844099787923, 0.5552725226848156, 0.6674567085581941, 0.5786121814668953, 0.6745700220783035, 2.709580398225165, 0.54094522204492, 1.1227246666109407, 1.2871359292562905, 0.5313930590818454, 0.6649254417264616]}