{"train_loss": [2.1371919074708057, 0.47874145406688795, 0.4775503907857089, 0.4773339673414899, 0.4773289439728754, 0.47720746941512016, 0.4772226764269015, 0.47729072174084713, 0.4773240326668271, 0.4773474207807326, 0.4773192070728414, 0.477194894147736, 0.47728155716208415, 0.4772970768794733, 0.47735744661258056, 0.4772367568331091, 0.47723737043035364, 0.47736057055716025, 0.4771839323382199, 0.4772670607874094, 0.47733837716147715, 0.47724770211278905, 0.47737777816529764, 0.4772024262593193, 0.47741363682521304, 0.47727914993175674, 0.4773000075708206, 0.47730108954583644, 0.4772596701031602, 0.477261744694842], "val_loss": [0.48533391971866807, 0.4820039887706955, 0.4814689140041153, 0.4814519630624102, 0.48135893491955545, 0.4812725803681782, 0.4812857928601178, 0.4812449427781167, 0.4812696208427479, 0.4812301316044547, 0.4818851777485439, 0.48188827544837803, 0.4813668168597407, 0.4812165963185298, 0.48122266883199866, 0.48122550547122955, 0.48126756351489525, 0.48120662473238907, 0.4813131937732944, 0.48124566635528165, 0.4812146405895035, 0.4812076573635077, 0.48169918532495376, 0.4817774274519512, 0.48123935735844947, 0.4871538980053617, 0.48120293543710335, 0.4814258606789948, 0.4815969323957121, 0.48136761803905687]}