{"train_loss": [1798.4745108315062, 3.288769339465006, 1.6783137455655543, 1.365537629236405, 1.252307996761546, 1.2284989252953895, 1.1883872098868278, 1.240415765352389, 1.1856044143875895, 1.1907871487090094, 1.1915837338659152, 1.2126991853822893, 1.1936046187484828, 1.1937721054666777, 1.2153728843513165, 1.1484001124274672, 1.200101091072182, 1.1333670621011618, 1.192627192126985, 1.1492161217949324, 1.171941712668825, 1.167154210718382, 1.131101662046952, 1.1526905709534252, 1.1559810749274873, 1.1630670117126203, 1.253268400277049, 1.0680590403216115, 1.1194710707197766, 1.1389704442918787], "val_loss": [6.613129734992981, 2.2276622072442787, 1.6432002566077493, 1.3714967052657883, 1.209159388170614, 1.2352894320116414, 1.1652092612408973, 1.7492802104392609, 2.278151666963255, 1.469687832640363, 1.059079239120731, 1.618020003492182, 1.2995898847456102, 1.082827823502677, 1.2627770606573525, 1.1118352444140942, 1.0665112548060232, 1.3126162042865506, 1.0503044058750202, 1.4026228150764068, 1.0202088061865273, 1.3762783980988837, 1.018967076168432, 1.0346597707890846, 1.0223529605896442, 1.1887821446765552, 1.1014348121432516, 1.065506354554907, 1.0292799376048052, 1.2192181913883655]}