{"train_loss": [199.26998367599327, 0.6606251625116264, 0.5393575249546698, 0.49966887869609317, 0.4897983323594291, 0.48794152209653746, 0.49037472220657313, 0.4956770919469986, 0.48503110337801897, 0.4944691243315599, 0.49113094816394576, 0.4902530149670643, 0.4920606545095148, 0.4886744833789875, 0.49113388318222073, 0.4932542544885327, 0.4921684042956273, 0.49070030334139725, 0.49026886007914144, 0.49018869552682315, 0.4897545931973232, 0.4897098220386474, 0.49705667723255875, 0.4907167758579939, 0.48501089847301776, 0.488808158171313, 0.4925677713134355, 0.4911928069922119, 0.4821658076119851, 0.48990480054844454], "val_loss": [0.8233389057122268, 0.5799218065939941, 0.5149800597460239, 0.5111543305895545, 0.4953544807511491, 0.4873198054053567, 0.4876018927081839, 0.4846355512544706, 0.489240011224499, 0.5207977203966735, 0.48650279757264375, 0.4842457939665039, 0.48693458155378117, 0.48645770801352217, 0.5054178990713962, 0.4866500872296172, 0.48575405408809713, 0.48282055827704345, 0.48531928290794424, 0.49099153589892697, 0.4833238134523491, 0.49661244684225553, 0.4834882322843973, 0.48163313989515427, 0.4909304829386922, 0.4891459641905574, 0.48288492258493004, 0.4817935410258058, 0.4855450393704625, 0.5118607855462408]}