{"train_loss": [790.4564060323779, 1.236525923256773, 0.745162181228059, 0.6184784060687458, 0.5550615630958831, 0.5281633982164435, 0.5221593333301886, 0.5175834616576284, 0.5244284387902762, 0.520015379587161, 0.5398232526530254, 0.5215419273683726, 0.5301471687549479, 0.5237923835269, 0.5327655161088287, 0.5271141907324799, 0.525345154191697, 0.5251284122078104, 0.5278106828692687, 0.5380020753691674, 0.5134711998710819, 0.5268308188261838, 0.5132486452675177, 0.5159988087308738, 0.5240274878252195, 0.5315864522247097, 0.520085917357325, 0.5057423159504404, 0.5679055288020782, 0.5072961566304305], "val_loss": [1.995144367992104, 0.9298729184386018, 0.6694050191284774, 0.5968232508990672, 0.5302049782756088, 0.535611933314955, 0.5230165298108931, 0.49640908256753696, 0.5921806689206656, 0.4943213590553829, 0.4924290037000334, 0.4918905467569054, 0.612759616854903, 0.49808302715227204, 0.5631309610295605, 0.6034268438816071, 0.6934270854894217, 0.49834017784564527, 0.48445441331956296, 1.2497493864653946, 0.48695106301214786, 0.4844342253424905, 0.4856046809778585, 0.5331609460053506, 0.4977666027360148, 0.484540953264608, 0.508287228740655, 0.530996719157541, 0.48471590953987914, 0.5143103084780953]}