{"train_loss": [106807.48879395341, 66.2119876416628, 31.402971665972014, 67.61521761607968, 80.95090332739116, 17.28491521853996, 68.26960018486223, 34.22874184883827, 52.51562608863557, 71.01019114110053, 25.549261708049556, 53.78996386885837, 66.33343572698254, 25.180773524631295, 116.84905509750372, 6.950712989243947, 33.235078006156314, 52.28253734695192, 30.526059856422574, 46.28487813472748, 63.3865092214908, 15.693964299428327, 204.42636775620414, 5.191245540903599, 14.73351605068801, 77.59078050437604, 12.386656509138048, 100.20796554493087, 14.02396998806062, 31.851524414090502], "val_loss": [93.92146028791156, 320.2077640682072, 18.686068181867725, 9.193597963878087, 8.20538241058201, 5.295462883912124, 46.136291615374674, 22.677759826957406, 7.908914727049988, 24.53687049816181, 11.518675612164783, 4.224894169089082, 2.3692529874962647, 4.1855368304562255, 5.350354680767307, 2.191856957875289, 33.111861773899626, 2.178373376270393, 7.97940241206776, 5.573971621401898, 4.262661277473747, 1.9732645177221917, 5.250878052277998, 12.091475861413139, 13.062604260135007, 5.540447797094073, 5.7504200548320625, 3.6586450051951718, 2.5473579617289754, 2.3208520838192532]}