{"train_loss": [634.7541011711415, 0.7453084599718962, 0.7577708002307482, 0.7900012105363033, 1.1584332381142683, 3.486782070085236, 1.902631381402008, 9.81228894598138, 1.7263445784178293, 8.901146175324625, 2.018575007238746, 3.910455651471899, 4.570269644114555, 3.457036744906502, 4.053759979287719, 5.78075901621901, 0.6891146336741393, 2.8444310026106594, 2.1386555156641642, 2.472759780350945, 3.5683471506999327, 2.4880927334407414, 2.3722132000993166, 0.9975773187484865, 2.5671649550438707, 2.064119813395558, 1.071253119246217, 5.231304845257646, 0.6514718337607422, 3.670236165041247], "val_loss": [2.028323801306935, 0.767506823137209, 0.8573468416542201, 0.6085189687354224, 0.659643742558244, 2.512348635630174, 0.9853813114104333, 0.7246849076314406, 1.9642667514937264, 1.8733409054867634, 18.763615174727008, 0.6537806267862196, 1.5153258868626185, 0.5432984014223148, 0.794347861370483, 0.7224828771182469, 0.5370012154052783, 0.598510106275608, 1.8102131656238012, 0.9773739088665355, 0.6708008883061347, 5.987574524693675, 0.5521794760769064, 0.5912994490815447, 2.542167093846705, 0.5837526284642034, 0.618123275506032, 0.5937272935331642, 0.6002122434702787, 0.7808131529139234]}