{"train_loss": [30774.46225944351, 18.15849297198347, 16.50263489615081, 35.308717786585134, 7.427372248196097, 17.965585122684086, 13.299421548648915, 11.276973404269818, 23.0116510747113, 15.073523556913871, 17.18537330637165, 9.033548988778673, 19.54065653151828, 9.936130265427257, 17.151157575077566, 8.083613304290648, 18.684026098173554, 10.189067749564838, 15.692445526504205, 10.284353387394699, 11.826036413575464, 10.726787607685388, 10.20851498093535, 11.47882253359426, 13.390824649501196, 9.006826448790596, 12.17059706756769, 8.166794360656334, 17.05458972280994, 5.211140347635571], "val_loss": [55.308494605027235, 15.067106767134232, 9.938488254299411, 8.193746870214289, 7.522241245616566, 3.0927195997981283, 3.942266193303195, 6.890402282987322, 5.7067813656546855, 1.5278823151216878, 2.3136512459098517, 45.37486556907753, 2.04378036477349, 4.71980090729602, 15.395937993928984, 18.763856794927026, 33.17146846226284, 1.918196578304489, 35.586793280267095, 1.448917931937552, 9.360053994438864, 25.609341150754457, 3.980051556190887, 18.37770482472011, 15.382550363416795, 13.565736708702978, 7.170369346420486, 13.976694936876173, 1.0682930145170781, 9.140591460388976]}