{"train_loss": [257.64354380338074, 0.6480505263241431, 0.6640043083159025, 0.5951089479794899, 0.6259941496623477, 0.6557770932965333, 0.6677554941585753, 0.6197960318398903, 0.6170073799169083, 0.6638743446662804, 0.6407373302523502, 0.6039961283300285, 0.6425152646095096, 0.7148525356079587, 0.5647093795154845, 0.6214006913136113, 0.6447553776605678, 0.6562165307279123, 0.5796040648542843, 0.6465446468181362, 0.5927358134535747, 0.6290370770418624, 0.6175814010871371, 0.7473450738687499, 0.5572390681767736, 0.6486322080038889, 0.6469228409145629, 0.5728700189178181, 0.6297166481687039, 0.6420946680313222], "val_loss": [0.7015101890285294, 0.5845960440573754, 0.5458437794601763, 0.556651981813567, 0.5698485753752969, 0.5975115430819524, 0.5354775883160628, 1.1958256027141174, 0.7642840224427062, 0.6018751602281224, 0.7923808910629966, 0.5226125885526856, 0.5309623197301642, 0.5684315490645248, 0.5248342671177604, 0.5337583600700676, 0.5428905034220064, 0.5246361784346691, 0.5479840413703547, 0.545801589047754, 0.550794888819967, 0.5257236150565086, 1.1416871191619278, 0.522437086933619, 0.7908096034805496, 9.367364279635542, 0.5840575066092727, 0.527863168871248, 0.5464257818537873, 0.5457594648197099]}