{"train_loss": [8.928191292781815, 0.4846407226598282, 0.4797313059718146, 0.47863146089029546, 0.4779146915547805, 0.47763549513373443, 0.47743747396725816, 0.4774799730999435, 0.4776346220180611, 0.47754381001481805, 0.4775848996872614, 0.4775370978803464, 0.47753598401246994, 0.4776056358320289, 0.47755336430877887, 0.47738993916581546, 0.4775469482528444, 0.4775728818642957, 0.47739155106793413, 0.47747190391453403, 0.477425427800485, 0.4774772432461065, 0.4774519315454349, 0.4774708486789591, 0.47738723658620824, 0.4775500852268244, 0.4774197350707373, 0.47774548505297687, 0.4773736629167155, 0.47745680322849343], "val_loss": [0.4963879451736227, 0.4858232932044314, 0.4832598288337906, 0.4825595806945454, 0.4819768593682871, 0.48166449774395337, 0.4817237848198259, 0.48160080418184203, 0.4816319373520938, 0.482192790353453, 0.4815021368203225, 0.48132419992576947, 0.48230673082463155, 0.4816473989517658, 0.4813149989425362, 0.481299204485757, 0.48150455719464785, 0.4812710364530613, 0.48130200841984194, 0.4813037160542104, 0.48142592202533374, 0.4812481422702988, 0.4815592289745034, 0.48169343425081923, 0.4813238229457434, 0.4814851630430717, 0.4826383759062012, 0.4812707674580735, 0.4817750086257984, 0.48127556601902105]}