{"train_loss": [6.7931095319898835, 0.9899817126610151, 0.9836543675931398, 0.9822939286224216, 0.981779732478579, 0.9813825079706325, 0.9813661723113566, 0.9812331781107294, 0.9812421613960827, 0.9812526173926099, 0.9809977983961681, 0.9810062166528251, 0.9810990153479149, 0.9809618679773165, 0.9810986821258632, 0.9811117723948803, 0.9812100467440744, 0.9809707909773847, 0.9807938715567597, 0.9809539249048342, 0.9809019330275195, 0.981014368001244, 0.9809251068855771, 0.9809401037253525, 0.9807902936250895, 0.981030256285364, 0.9809140063226709, 0.9808117277665006, 0.9808162273823923, 0.9808689396688639], "val_loss": [1.0044690432486596, 0.9894663590889472, 0.9867287808424466, 0.9866135611936644, 0.9855555191442564, 0.986847371250004, 0.9852154850959778, 0.984904382135961, 0.9848793404442924, 0.9857317863346694, 0.98483042941465, 0.9848713185880091, 0.9858132863973642, 0.9850326637168983, 0.9848900174165701, 0.9846606134594261, 0.9853582924062555, 0.9846537999518505, 0.9847431035784932, 0.984634636284469, 0.9847695111454308, 0.985150574863731, 0.9875313531268727, 0.9848770429561664, 0.9852673016585313, 0.9887349094663348, 0.9848747381142208, 0.9846467209326757, 0.9853984268454762, 0.9846670859819883]}