{"train_loss": [24037.209655511244, 13.62964980326119, 17.10744001406441, 7.499994579574996, 23.035419725671677, 6.753111554689547, 45.09250672625873, 1.978695295179843, 6.0008479732090265, 9.301987490782341, 28.483289968617395, 9.429680051753026, 6.352257863440677, 19.989274461739992, 7.774631846009421, 13.131869040344512, 9.831702469418138, 6.799494900088909, 14.167890238820242, 14.166331588541315, 7.634884484537663, 14.954913729458415, 9.130576816896436, 9.558245785959782, 6.0556416831436595, 12.14768352564941, 18.183202771436527, 6.0650306803950675, 11.440921687476981, 15.290372326751323], "val_loss": [13.738383070215002, 4.462482683070294, 5.356100707859188, 1.6971715959635647, 1.8107297567578104, 2.0589426345639414, 1.600240074194871, 1.0414109624825514, 2.9624796842599843, 82.99562075230982, 1.7508431982684445, 1.2068601006811315, 2.616572935085792, 70.87238014518441, 2.0715515869004384, 3.609265282556608, 0.9669113650724486, 22.719868300797103, 1.7630899587234894, 1.5957792076197537, 11.0884336744036, 1.0970526782723216, 30.289961418548188, 3.114865138933256, 2.7308541737593615, 2.188498789613897, 1.611935694496353, 3.8520217328876645, 6.181886357146424, 23.07429366916805]}