{"train_loss": [23.559478488481844, 1.0111700184582497, 0.9918344732598807, 0.9865636203261806, 0.9846854033905763, 0.9838292190340175, 0.9831719312932324, 0.983085443106211, 0.9842196670869824, 0.9826628498696581, 0.9826703795990003, 0.9832439300092165, 0.9820807875661243, 0.9836470763796111, 0.9825532631811854, 0.9824993527732899, 0.9824720438308467, 0.9824795884370415, 0.9831139394743018, 0.9819208296049283, 0.9824367436849274, 0.9823252558708191, 0.9822794602512341, 0.982356975945913, 0.9823225838714089, 0.9823053927444906, 0.9826072599331668, 0.9821996597442503, 0.9823537839373018, 0.9822306987900913], "val_loss": [1.0537956357002258, 1.0060949379747564, 0.9960517678167913, 0.9923846891948155, 0.9911666798901249, 0.9914637896921727, 0.9908285942170527, 0.9917192559737664, 0.9891031059351835, 0.9896262915103466, 0.9888784912499514, 0.9949415422879256, 0.9955029863041717, 0.9893692039050065, 0.9911652443470893, 0.9896216059659982, 0.9926182290950378, 0.9917183386815058, 0.9885170904846935, 0.9925181300609143, 0.9883384623310782, 0.9893255733050309, 0.9884734173099716, 0.989932064886217, 0.9918088444641658, 0.9907660074048228, 0.9883879786962039, 0.988593444808737, 0.9886620033096958, 0.9890388803822654]}