{"train_loss": [438.06914952791146, 0.7329244875207811, 0.5955636285452042, 0.5140228347813325, 0.48723860612506775, 0.5244597593781221, 0.5778656881940696, 0.5966524470105257, 0.592398488161809, 0.6105505681640756, 0.601288867959385, 0.6077255002339941, 0.5973084336101133, 0.6144866788756789, 0.6146702257396736, 0.5799458991450548, 0.6204595434043381, 0.5920082063795498, 0.5867506611794476, 0.6141170173834821, 0.6004939725892968, 0.5899916793938368, 0.5825226889348925, 0.5957661681910323, 0.5984354981298742, 0.5853099737431836, 0.5849924791014798, 0.599333012813845, 0.5850988213234196, 0.5943277173874624], "val_loss": [0.8862696417740413, 0.639174836603078, 0.5559755341186152, 0.4969096907547542, 0.49067541492449773, 0.5476461161266674, 0.6162166363233096, 0.5381599403433985, 0.6523960081787853, 0.5250971700463977, 0.4871033284958307, 0.6326344214476548, 0.48220270291551365, 0.48798813816014824, 0.508916050195694, 0.48377316261266734, 0.48325562728689864, 0.48460874619422023, 0.6531929396963739, 0.5079498620002301, 0.9289559060102933, 0.48523976508673133, 0.4970829359122685, 0.6417451574430837, 0.5504125157346973, 0.48994978604378636, 0.49422545827828446, 0.4835446002808484, 0.5140338700700116, 0.4851667813279412]}