{"train_loss": [576.9005006667452, 0.9377183211180359, 0.6129016991929557, 0.5488955929851065, 0.5263350972051916, 0.5163507700258133, 0.5186309891754418, 0.5178006120743215, 0.5353813215628339, 0.5318541629376653, 0.5332343914769407, 0.5333902615124017, 0.5494511222275397, 0.5184374253279234, 0.5380579495702249, 0.5390148511913044, 0.5263196287789119, 0.5371713930494828, 0.519950067238551, 0.53555851435778, 0.5229404935731778, 0.5324882399685814, 0.5255640509855883, 0.5317002276223013, 0.5199837245618344, 0.5168297248018896, 0.5298220840499996, 0.5270256196402414, 0.5369072284725712, 0.5206420125035632], "val_loss": [1.7293497463325402, 0.6982888304567957, 0.5730198223095435, 0.5377847625837697, 0.5224628343984679, 0.5082203143989885, 0.5135278517936731, 0.5170208974318071, 0.5325369925855042, 0.5216758878200085, 0.5021386518106832, 0.5914081532459754, 0.6004172687406664, 0.568395152881548, 0.4977868396740455, 0.515028066062308, 0.5416561597353452, 0.4856566032031914, 0.5905037874525244, 0.5397781375553701, 0.48625742595691185, 0.5410090802938907, 0.5187191709682539, 0.48805908452380786, 0.48426526978418427, 0.5215241483279637, 0.7996508227540301, 0.5412509228502002, 0.7124078269902762, 0.49239396971541566]}