rmse_b,rmse_a
37.12846220142335,54.233724510522684
36.56689693393095,54.733235437135086
36.5289454850777,53.590399747774164
34.36799381061778,51.67697482637315
36.62798365973705,53.640035447676745
