{
  "mode": "x2",
  "noise": 0.1,
  "n_test": 5,
  "rmse_b": [
    40.09067433440995,
    42.39008725835367,
    39.244780771915,
    40.28559376323645,
    40.68690553271138
  ],
  "rmse_a": [
    53.08428761686808,
    56.67438642110659,
    51.82182387571774,
    52.56700005293173,
    53.64766405539199
  ],
  "mean_rmse_b": 40.53960833212528,
  "mean_rmse_a": 53.559032404403226,
  "improvement_pct": -32.11531785313477
}