rmse_b,rmse_a
40.667027670395996,60.15188411038006
43.13371684104209,64.19103532921493
41.83607982325138,61.812255184764425
43.80365459306071,63.63112350601563
41.58143615839522,61.15547588152597
