{
  "mode": "x2",
  "noise": 1.0,
  "n_test": 5,
  "rmse_b": [
    40.667027670395996,
    43.13371684104209,
    41.83607982325138,
    43.80365459306071,
    41.58143615839522
  ],
  "rmse_a": [
    60.15188411038006,
    64.19103532921493,
    61.812255184764425,
    63.63112350601563,
    61.15547588152597
  ],
  "mean_rmse_b": 42.20438301722908,
  "mean_rmse_a": 62.188354802380196,
  "improvement_pct": -47.35046541728396
}