{
  "mode": "x2",
  "noise": 0.05,
  "n_test": 5,
  "rmse_b": [
    44.74769941412697,
    42.963339344805476,
    43.70885188915845,
    41.54788567529435,
    43.976520978753726
  ],
  "rmse_a": [
    66.03196587554112,
    66.24543905697666,
    64.98261688167123,
    63.09105852800796,
    65.31117050396645
  ],
  "mean_rmse_b": 43.388859460427796,
  "mean_rmse_a": 65.1324501692327,
  "improvement_pct": -50.11330322852999
}