rmse_b,rmse_a
44.74769941412697,66.03196587554112
42.963339344805476,66.24543905697666
43.70885188915845,64.98261688167123
41.54788567529435,63.09105852800796
43.976520978753726,65.31117050396645
