rmse_b,rmse_a
40.09067433440995,53.08428761686808
42.39008725835367,56.67438642110659
39.244780771915,51.82182387571774
40.28559376323645,52.56700005293173
40.68690553271138,53.64766405539199
