{
  "mode": "x2",
  "noise": 0.5,
  "n_test": 5,
  "rmse_b": [
    37.12846220142335,
    36.56689693393095,
    36.5289454850777,
    34.36799381061778,
    36.62798365973705
  ],
  "rmse_a": [
    54.233724510522684,
    54.733235437135086,
    53.590399747774164,
    51.67697482637315,
    53.640035447676745
  ],
  "mean_rmse_b": 36.24405641815737,
  "mean_rmse_a": 53.57487399389636,
  "improvement_pct": -47.81699204909272
}