rmse_b,rmse_a
40.67433000295783,66.57123553700676
43.14067990585206,70.60245450725235
41.84386634981816,67.97606727938908
43.81050676596553,70.11371822679452
41.59414353255358,67.56002202656241
