{
  "mode": "x2",
  "noise": 0.05,
  "n_test": 5,
  "rmse_b": [
    40.692776938856454,
    43.16661038571373,
    41.86844927565046,
    43.83275508374793,
    41.61093806147055
  ],
  "rmse_a": [
    82.68251365060526,
    87.14151491481888,
    84.13769582188354,
    86.33881508497655,
    83.69142666690685
  ],
  "mean_rmse_b": 42.23430594908782,
  "mean_rmse_a": 84.79839322783822,
  "improvement_pct": -100.78083757327543
}