{
  "mode": "x2",
  "noise": 0.5,
  "n_test": 5,
  "rmse_b": [
    40.67433000295783,
    43.14067990585206,
    41.84386634981816,
    43.81050676596553,
    41.59414353255358
  ],
  "rmse_a": [
    66.57123553700676,
    70.60245450725235,
    67.97606727938908,
    70.11371822679452,
    67.56002202656241
  ],
  "mean_rmse_b": 42.21270531142943,
  "mean_rmse_a": 68.56469951540103,
  "improvement_pct": -62.426688859566134
}