{
  "mode": "x2",
  "noise": 1.0,
  "n_test": 5,
  "rmse_b": [
    40.588441648367024,
    43.11282086416218,
    41.81512761381917,
    43.78430847294934,
    41.47857290470221
  ],
  "rmse_a": [
    57.729602007576446,
    61.79092386686836,
    59.53752119752163,
    61.3522051048184,
    58.727602598036896
  ],
  "mean_rmse_b": 42.15585430079999,
  "mean_rmse_a": 59.827570954964344,
  "improvement_pct": -41.91995856155381
}