rmse_b,rmse_a
40.65794095390942,62.191818305950015
43.12747936802484,65.99589544600828
41.83016675324019,63.835061745300436
43.7974588387706,65.79566609245826
41.55048120642397,63.12602774818429
