{
  "mode": "x2",
  "noise": 0.1,
  "n_test": 5,
  "rmse_b": [
    40.65794095390942,
    43.12747936802484,
    41.83016675324019,
    43.7974588387706,
    41.55048120642397
  ],
  "rmse_a": [
    62.191818305950015,
    65.99589544600828,
    63.835061745300436,
    65.79566609245826,
    63.12602774818429
  ],
  "mean_rmse_b": 42.1927054240738,
  "mean_rmse_a": 64.18889386758026,
  "improvement_pct": -52.13268080921909
}