rmse_b,rmse_a
40.692776938856454,82.68251365060526
43.16661038571373,87.14151491481888
41.86844927565046,84.13769582188354
43.83275508374793,86.33881508497655
41.61093806147055,83.69142666690685
