rmse_b,rmse_a
40.588441648367024,57.729602007576446
43.11282086416218,61.79092386686836
41.81512761381917,59.53752119752163
43.78430847294934,61.3522051048184
41.47857290470221,58.727602598036896
