{
  "mode": "x2",
  "noise": 0.1,
  "n_test": 5,
  "rmse_b": [
    26.852878471725827,
    28.492855195938354,
    28.64013729547192,
    26.024354818700857,
    27.616578453483825
  ],
  "rmse_a": [
    35.18315508802124,
    38.97110132849199,
    38.335922484503044,
    34.680024043512844,
    36.19370749964704
  ],
  "mean_rmse_b": 27.525360847064157,
  "mean_rmse_a": 36.672782088835234,
  "improvement_pct": -33.23270235255331
}