rmse_b,rmse_a
35.93296984558618,48.56206217750768
34.96226236859297,49.17873939453352
35.60473184617034,48.94325545210594
33.54684444569098,46.54655901057501
35.651549284631024,48.2147035443735
