rmse_b,rmse_a
34.323604209173936,42.20648143101387
36.77798056593983,46.80860242294091
34.31536164255039,43.96753195444409
35.450148604318734,44.16377756229287
35.33767220618936,43.5289757982872
