rmse_b,rmse_a
26.852878471725827,35.18315508802124
28.492855195938354,38.97110132849199
28.64013729547192,38.335922484503044
26.024354818700857,34.680024043512844
27.616578453483825,36.19370749964704
