rmse_b,rmse_a
29.012126348828552,36.037051480874055
30.528184084049595,39.37436054863967
30.067524015994916,39.629372661399735
29.414929788322265,37.567867534852816
29.696139986821066,37.06678885735809
