{
  "mode": "x2",
  "noise": 0.5,
  "n_test": 5,
  "rmse_b": [
    29.012126348828552,
    30.528184084049595,
    30.067524015994916,
    29.414929788322265,
    29.696139986821066
  ],
  "rmse_a": [
    36.037051480874055,
    39.37436054863967,
    39.629372661399735,
    37.567867534852816,
    37.06678885735809
  ],
  "mean_rmse_b": 29.74378084480328,
  "mean_rmse_a": 37.93508821662487,
  "improvement_pct": -27.53956336136986
}