{
  "mode": "x2",
  "noise": 1.0,
  "n_test": 5,
  "rmse_b": [
    34.323604209173936,
    36.77798056593983,
    34.31536164255039,
    35.450148604318734,
    35.33767220618936
  ],
  "rmse_a": [
    42.20648143101387,
    46.80860242294091,
    43.96753195444409,
    44.16377756229287,
    43.5289757982872
  ],
  "mean_rmse_b": 35.240953445634446,
  "mean_rmse_a": 44.135073833795786,
  "improvement_pct": -25.23802428297558
}