{
  "mode": "x2",
  "noise": 0.05,
  "n_test": 5,
  "rmse_b": [
    35.93296984558618,
    34.96226236859297,
    35.60473184617034,
    33.54684444569098,
    35.651549284631024
  ],
  "rmse_a": [
    48.56206217750768,
    49.17873939453352,
    48.94325545210594,
    46.54655901057501,
    48.2147035443735
  ],
  "mean_rmse_b": 35.139671558134296,
  "mean_rmse_a": 48.28906391581913,
  "improvement_pct": -37.420362156574996
}