rmse_b,rmse_a
31.527387071612363,38.33399273059959
35.4188489915402,45.70595010022266
29.343306773653435,37.10146754660391
26.1961032400339,33.98181927102765
30.669786562698636,37.69678385007815
