rmse_b,rmse_a
38.00400246963017,43.80981544730343
34.80783612149693,40.717249693931485
34.84471799519739,41.16825228125608
32.281865046576186,37.22366420957419
36.871502814013155,42.85131399835672
