{
  "mode": "x",
  "noise": 0.1,
  "n_test": 5,
  "rmse_b": [
    38.00400246963017,
    34.80783612149693,
    34.84471799519739,
    32.281865046576186,
    36.871502814013155
  ],
  "rmse_a": [
    43.80981544730343,
    40.717249693931485,
    41.16825228125608,
    37.22366420957419,
    42.85131399835672
  ],
  "mean_rmse_b": 35.36198488938276,
  "mean_rmse_a": 41.154059126084384,
  "improvement_pct": -16.37938100709008
}