rmse_b,rmse_a
24.102326175637064,26.61552630270509
25.15436175229644,28.503139467082065
20.886236833175325,24.491295914521135
23.30575795621189,25.878894982112474
22.93388330662937,25.308005261079725
