{
  "mode": "x",
  "noise": 0.5,
  "n_test": 5,
  "rmse_b": [
    24.102326175637064,
    25.15436175229644,
    20.886236833175325,
    23.30575795621189,
    22.93388330662937
  ],
  "rmse_a": [
    26.61552630270509,
    28.503139467082065,
    24.491295914521135,
    25.878894982112474,
    25.308005261079725
  ],
  "mean_rmse_b": 23.276513204790014,
  "mean_rmse_a": 26.1593723855001,
  "improvement_pct": -12.385270746293859
}