{
  "mode": "x",
  "noise": 1.0,
  "n_test": 5,
  "rmse_b": [
    13.221335696057274,
    16.607546899218157,
    11.163222853113359,
    13.485177813233548,
    11.669384013475424
  ],
  "rmse_a": [
    13.901368571259656,
    18.246584500138034,
    12.406088971583605,
    14.564459153047574,
    12.421013816248566
  ],
  "mean_rmse_b": 13.229333455019553,
  "mean_rmse_a": 14.307903002455486,
  "improvement_pct": -8.15286386954511
}