{
  "mode": "x",
  "noise": 0.05,
  "n_test": 5,
  "rmse_b": [
    31.527387071612363,
    35.4188489915402,
    29.343306773653435,
    26.1961032400339,
    30.669786562698636
  ],
  "rmse_a": [
    38.33399273059959,
    45.70595010022266,
    37.10146754660391,
    33.98181927102765,
    37.69678385007815
  ],
  "mean_rmse_b": 30.631086527907712,
  "mean_rmse_a": 38.56400269970639,
  "improvement_pct": -25.898252628326034
}