rmse_b,rmse_a
13.221335696057274,13.901368571259656
16.607546899218157,18.246584500138034
11.163222853113359,12.406088971583605
13.485177813233548,14.564459153047574
11.669384013475424,12.421013816248566
