{
  "mode": "x",
  "noise": 0.1,
  "n_test": 5,
  "rmse_b": [
    18.083043626999824,
    24.30656661788142,
    17.866030899418615,
    18.946801680543523,
    17.340441058500527
  ],
  "rmse_a": [
    20.281459206800893,
    27.10732665787494,
    20.768303184686374,
    21.248879805724858,
    19.477059412726096
  ],
  "mean_rmse_b": 19.308576776668783,
  "mean_rmse_a": 21.776605653562633,
  "improvement_pct": -12.782034147001733
}