{
  "mode": "x",
  "noise": 0.05,
  "n_test": 5,
  "rmse_b": [
    34.983362502062214,
    30.95973055846142,
    32.01086681377517,
    30.646999972066016,
    33.862247007837695
  ],
  "rmse_a": [
    38.971873069225815,
    36.13827166457002,
    36.53899258885272,
    34.18180875125715,
    37.99028099927531
  ],
  "mean_rmse_b": 32.49264137084051,
  "mean_rmse_a": 36.7642454146362,
  "improvement_pct": -13.14637365132496
}