{
  "mode": "x",
  "noise": 0.5,
  "n_test": 5,
  "rmse_b": [
    32.74229088485267,
    31.33548888701679,
    32.6049771843151,
    28.675297478402666,
    32.23786554083134
  ],
  "rmse_a": [
    43.862337356535654,
    40.78837606088433,
    42.595291197060625,
    36.02764821318476,
    42.91765510948672
  ],
  "mean_rmse_b": 31.519183995083715,
  "mean_rmse_a": 41.238261587430415,
  "improvement_pct": -30.835435314133314
}