rmse_b,rmse_a
34.983362502062214,38.971873069225815
30.95973055846142,36.13827166457002
32.01086681377517,36.53899258885272
30.646999972066016,34.18180875125715
33.862247007837695,37.99028099927531
