rmse_b,rmse_a
27.85945811933964,28.447568300404008
26.771003660547564,28.582099776477953
29.230449094054674,30.33325242189849
30.929427887246124,32.00333386621292
28.912294744955354,29.57487524359466
