rmse_b,rmse_a
32.74229088485267,43.862337356535654
31.33548888701679,40.78837606088433
32.6049771843151,42.595291197060625
28.675297478402666,36.02764821318476
32.23786554083134,42.91765510948672
