{
  "mode": "x",
  "noise": 1.0,
  "n_test": 5,
  "rmse_b": [
    27.85945811933964,
    26.771003660547564,
    29.230449094054674,
    30.929427887246124,
    28.912294744955354
  ],
  "rmse_a": [
    28.447568300404008,
    28.582099776477953,
    30.33325242189849,
    32.00333386621292,
    29.57487524359466
  ],
  "mean_rmse_b": 28.740526701228667,
  "mean_rmse_a": 29.788225921717604,
  "improvement_pct": -3.6453723739312944
}