rmse_b,rmse_a
18.083043626999824,20.281459206800893
24.30656661788142,27.10732665787494
17.866030899418615,20.768303184686374
18.946801680543523,21.248879805724858
17.340441058500527,19.477059412726096
