{
  "mode": "x",
  "noise": 0.05,
  "n_test": 5,
  "rmse_b": [
    44.735998647460185,
    42.95487900148954,
    43.70254199432053,
    41.54274056163827,
    43.96666638852674
  ],
  "rmse_a": [
    71.2037970405873,
    65.60864249122606,
    69.84223497642904,
    65.7090487600267,
    70.43547643670631
  ],
  "mean_rmse_b": 43.38056531868705,
  "mean_rmse_a": 68.55983994099509,
  "improvement_pct": -58.04275356333719
}