rmse_b,rmse_a
23.046165776794144,26.304019516039485
22.203094973858605,25.2793014252527
20.427115952717344,24.524911097374485
18.427036964675686,21.659530095042
21.22011552899023,24.298738415409634
