{
  "mode": "x",
  "noise": 0.1,
  "n_test": 5,
  "rmse_b": [
    44.773037659809894,
    43.00938607949355,
    43.741488462881804,
    41.581813584900026,
    44.00717873358553
  ],
  "rmse_a": [
    100.35190829119124,
    91.81840488498173,
    98.85557820895185,
    92.98646882878994,
    99.62651715886143
  ],
  "mean_rmse_b": 43.422580904134165,
  "mean_rmse_a": 96.72777547455523,
  "improvement_pct": -122.75915770208398
}