{
  "mode": "x",
  "noise": 1.0,
  "n_test": 5,
  "rmse_b": [
    29.268449260500546,
    31.9763663756641,
    29.79075553654735,
    27.261273959557144,
    28.113352141647322
  ],
  "rmse_a": [
    34.161791762938016,
    39.127236663796246,
    36.00297029852582,
    32.63951222783233,
    32.89433771273636
  ],
  "mean_rmse_b": 29.28203945478329,
  "mean_rmse_a": 34.96516973316575,
  "improvement_pct": -19.408246092825024
}