rmse_b,rmse_a
44.735998647460185,71.2037970405873
42.95487900148954,65.60864249122606
43.70254199432053,69.84223497642904
41.54274056163827,65.7090487600267
43.96666638852674,70.43547643670631
