rmse_b,rmse_a
44.773037659809894,100.35190829119124
43.00938607949355,91.81840488498173
43.741488462881804,98.85557820895185
41.581813584900026,92.98646882878994
44.00717873358553,99.62651715886143
