{
  "mode": "x",
  "noise": 0.5,
  "n_test": 5,
  "rmse_b": [
    23.046165776794144,
    22.203094973858605,
    20.427115952717344,
    18.427036964675686,
    21.22011552899023
  ],
  "rmse_a": [
    26.304019516039485,
    25.2793014252527,
    24.524911097374485,
    21.659530095042,
    24.298738415409634
  ],
  "mean_rmse_b": 21.064705839407203,
  "mean_rmse_a": 24.41330010982366,
  "improvement_pct": -15.896705588700929
}