rmse_b,rmse_a
29.268449260500546,34.161791762938016
31.9763663756641,39.127236663796246
29.79075553654735,36.00297029852582
27.261273959557144,32.63951222783233
28.113352141647322,32.89433771273636
