{
  "mode": "xy",
  "noise": 0.05,
  "n_test": 5,
  "rmse_b": [
    32.329857234532334,
    33.49307872977023,
    39.83900722656761,
    34.22277103348338,
    33.52981340542566
  ],
  "rmse_a": [
    34.57346810530522,
    37.790419201014956,
    42.518571215836175,
    37.628242643623466,
    35.51239722166253
  ],
  "mean_rmse_b": 34.682905525955846,
  "mean_rmse_a": 37.60461967748847,
  "improvement_pct": -8.42407551277988
}