{
  "mode": "xy",
  "noise": 0.5,
  "n_test": 5,
  "rmse_b": [
    22.44373118531571,
    29.433969127161202,
    21.443430619685795,
    23.778392234742068,
    21.406014937436616
  ],
  "rmse_a": [
    23.456577701993712,
    31.34022996732629,
    22.946036555173396,
    25.020362516555448,
    22.566230791908556
  ],
  "mean_rmse_b": 23.701107620868278,
  "mean_rmse_a": 25.06588750659148,
  "improvement_pct": -5.758295804376436
}