rmse_b,rmse_a
25.71145421647955,26.97676366683335
29.5347135701736,31.686431350501
26.531169535869967,28.278917267038107
27.234728012697236,29.002369268796595
23.25991871760722,24.824295341315572
