{
  "mode": "xy",
  "noise": 1.0,
  "n_test": 5,
  "rmse_b": [
    25.71145421647955,
    29.5347135701736,
    26.531169535869967,
    27.234728012697236,
    23.25991871760722
  ],
  "rmse_a": [
    26.97676366683335,
    31.686431350501,
    28.278917267038107,
    29.002369268796595,
    24.824295341315572
  ],
  "mean_rmse_b": 26.454396810565516,
  "mean_rmse_a": 28.153755378896925,
  "improvement_pct": -6.423728276627001
}