rmse_b,rmse_a
32.329857234532334,34.57346810530522
33.49307872977023,37.790419201014956
39.83900722656761,42.518571215836175
34.22277103348338,37.628242643623466
33.52981340542566,35.51239722166253
