{
  "mode": "xy",
  "noise": 0.1,
  "n_test": 5,
  "rmse_b": [
    43.29561430360242,
    39.315578590033496,
    41.34550833114548,
    38.61540675342254,
    41.52456859195458
  ],
  "rmse_a": [
    52.780050358318874,
    47.93657465571998,
    50.41539001220674,
    46.90961247899581,
    51.202867523362045
  ],
  "mean_rmse_b": 40.819335314031704,
  "mean_rmse_a": 49.848899005720696,
  "improvement_pct": -22.120800405549637
}