rmse_b,rmse_a
43.29561430360242,52.780050358318874
39.315578590033496,47.93657465571998
41.34550833114548,50.41539001220674
38.61540675342254,46.90961247899581
41.52456859195458,51.202867523362045
