rmse_b,rmse_a
22.44373118531571,23.456577701993712
29.433969127161202,31.34022996732629
21.443430619685795,22.946036555173396
23.778392234742068,25.020362516555448
21.406014937436616,22.566230791908556
