{
  "mode": "xy",
  "noise": 0.1,
  "n_test": 5,
  "rmse_b": [
    41.06561524912316,
    37.42211163522088,
    37.92881481874919,
    34.287194391219394,
    40.39071137548428
  ],
  "rmse_a": [
    47.80264410742209,
    46.03417337650866,
    44.02261660367509,
    40.457561463651814,
    47.17296930757057
  ],
  "mean_rmse_b": 38.21888949395938,
  "mean_rmse_a": 45.09799297176564,
  "improvement_pct": -17.999223862570695
}