{
  "mode": "xy",
  "noise": 0.05,
  "n_test": 5,
  "rmse_b": [
    33.95092079338539,
    38.73386426970291,
    36.33739747207274,
    37.82551520925152,
    34.97061598227395
  ],
  "rmse_a": [
    40.06189295027193,
    50.130142245590314,
    44.30892097140668,
    46.98477529684009,
    41.89587093940217
  ],
  "mean_rmse_b": 36.3636627453373,
  "mean_rmse_a": 44.67632048070224,
  "improvement_pct": -22.85979218754805
}