rmse_b,rmse_a
26.16857164277257,29.913431902207243
28.20336411898114,30.941958199313202
22.78373538821973,26.58786721838163
22.166481551258475,25.00064333185284
26.106397499298577,30.150052214230534
