rmse_b,rmse_a
33.95092079338539,40.06189295027193
38.73386426970291,50.130142245590314
36.33739747207274,44.30892097140668
37.82551520925152,46.98477529684009
34.97061598227395,41.89587093940217
