rmse_b,rmse_a
41.06561524912316,47.80264410742209
37.42211163522088,46.03417337650866
37.92881481874919,44.02261660367509
34.287194391219394,40.457561463651814
40.39071137548428,47.17296930757057
