{
  "mode": "xy",
  "noise": 1.0,
  "n_test": 5,
  "rmse_b": [
    33.455203311421336,
    37.175818228660795,
    33.53981705660755,
    32.845462003690216,
    32.60636388009813
  ],
  "rmse_a": [
    43.35775738676503,
    45.292323733070724,
    42.792252867499826,
    39.87159212682055,
    42.91195808224825
  ],
  "mean_rmse_b": 33.924532896095606,
  "mean_rmse_a": 42.84517683928088,
  "improvement_pct": -26.295554224747946
}