{
  "mode": "xy",
  "noise": 0.5,
  "n_test": 5,
  "rmse_b": [
    26.16857164277257,
    28.20336411898114,
    22.78373538821973,
    22.166481551258475,
    26.106397499298577
  ],
  "rmse_a": [
    29.913431902207243,
    30.941958199313202,
    26.58786721838163,
    25.00064333185284,
    30.150052214230534
  ],
  "mean_rmse_b": 25.085710040106097,
  "mean_rmse_a": 28.518790573197087,
  "improvement_pct": -13.685403074508592
}