rmse_b,rmse_a
33.455203311421336,43.35775738676503
37.175818228660795,45.292323733070724
33.53981705660755,42.792252867499826
32.845462003690216,39.87159212682055
32.60636388009813,42.91195808224825
