{
  "mode": "xy",
  "noise": 0.05,
  "n_test": 5,
  "rmse_b": [
    20.339569129030018,
    20.645111890243456,
    16.40512230003485,
    16.185196173907148,
    19.930020419398648
  ],
  "rmse_a": [
    22.239317246936334,
    23.47153195759181,
    19.12045833086319,
    18.379159775854,
    21.970718372174854
  ],
  "mean_rmse_b": 18.701003982522824,
  "mean_rmse_a": 21.03623713668404,
  "improvement_pct": -12.487207405247478
}