rmse_b,rmse_a
29.046190339740573,29.465532530447515
28.368529012290352,29.126546130349954
30.860303863997384,31.24216894383848
28.11272943400467,28.778176872398074
28.864709201104855,29.46414816543169
