{
  "mode": "xy",
  "noise": 1.0,
  "n_test": 5,
  "rmse_b": [
    29.046190339740573,
    28.368529012290352,
    30.860303863997384,
    28.11272943400467,
    28.864709201104855
  ],
  "rmse_a": [
    29.465532530447515,
    29.126546130349954,
    31.24216894383848,
    28.778176872398074,
    29.46414816543169
  ],
  "mean_rmse_b": 29.050492370227566,
  "mean_rmse_a": 29.615314528493144,
  "improvement_pct": -1.944277401798658
}