rmse_b,rmse_a
38.927780468495186,53.01069742588145
36.79804473632306,54.69634352899024
36.795894940588106,48.196909126813985
33.70942508244619,46.5866580017203
38.24353030885574,52.26714614546925
