rmse_b,rmse_a
44.73900744712715,58.905577308461844
36.19546245559936,46.26909350165139
42.23014225925828,54.71131607039565
37.21668850120757,46.273395657943205
43.9719104176662,58.27914893910942
