{
  "mode": "xy",
  "noise": 0.1,
  "n_test": 5,
  "rmse_b": [
    38.927780468495186,
    36.79804473632306,
    36.795894940588106,
    33.70942508244619,
    38.24353030885574
  ],
  "rmse_a": [
    53.01069742588145,
    54.69634352899024,
    48.196909126813985,
    46.5866580017203,
    52.26714614546925
  ],
  "mean_rmse_b": 36.89493510734165,
  "mean_rmse_a": 50.951550845775046,
  "improvement_pct": -38.09903906196679
}