{
  "mode": "xy",
  "noise": 0.5,
  "n_test": 5,
  "rmse_b": [
    44.73900744712715,
    36.19546245559936,
    42.23014225925828,
    37.21668850120757,
    43.9719104176662
  ],
  "rmse_a": [
    58.905577308461844,
    46.26909350165139,
    54.71131607039565,
    46.273395657943205,
    58.27914893910942
  ],
  "mean_rmse_b": 40.87064221617171,
  "mean_rmse_a": 52.8877062955123,
  "improvement_pct": -29.402679839921074
}