rmse_b,rmse_a
20.339569129030018,22.239317246936334
20.645111890243456,23.47153195759181
16.40512230003485,19.12045833086319
16.185196173907148,18.379159775854
19.930020419398648,21.970718372174854
