{
  "train_loss": [
    7886.562890625,
    4036.9829345703124,
    3292.862438964844,
    2762.090856933594,
    2445.326867675781,
    2993.335095214844,
    2618.7146606445312,
    2224.128942871094,
    1730.1528930664062,
    1344.9656066894531,
    1132.287371826172,
    1188.3375915527345,
    1244.9033081054688,
    979.1493469238281,
    784.5106750488281,
    865.1042114257813,
    1100.667303466797,
    754.1365417480469,
    609.1494384765625,
    582.1822662353516,
    792.0168365478515,
    567.2018280029297,
    533.3645111083985,
    530.700894165039,
    500.6759628295898,
    507.599365234375,
    380.26451721191404,
    548.8508178710938,
    494.1632110595703,
    358.52984924316405,
    292.8098831176758,
    304.2020553588867,
    313.59260711669924,
    359.1183334350586,
    341.60240936279297,
    251.23719635009766,
    260.59394989013674,
    321.06007995605466,
    444.8968200683594,
    770.0378555297851,
    551.9480606079102,
    1591.3734039306642,
    393.6715713500977,
    259.854557800293,
    314.7547012329102,
    277.23099517822266,
    273.95164489746094,
    285.1770965576172,
    231.3856056213379,
    273.2709167480469
  ],
  "val_loss": [
    5040.47470703125,
    1066.585498046875,
    3123.549609375,
    1498.438916015625,
    3790.91689453125,
    1790.2833984375,
    3261.80419921875,
    659.2519775390625,
    1104.2057373046875,
    562.9410766601562,
    1131.8578369140625,
    454.2440551757812,
    337.4162902832031,
    376.51459350585935,
    298.1339965820313,
    243.22860717773438,
    525.0264770507813,
    565.1897338867187,
    653.15341796875,
    174.96289672851563,
    509.57227783203126,
    381.7342224121094,
    250.31826171875,
    178.19346313476564,
    129.50488891601563,
    173.72457580566407,
    135.60420837402344,
    320.1230224609375,
    125.64349365234375,
    204.9031982421875,
    367.99864501953124,
    417.12939453125,
    138.28183288574218,
    309.87342529296876,
    309.1511169433594,
    156.2746826171875,
    133.02818908691407,
    436.580859375,
    161.1877685546875,
    445.7284851074219,
    745.9849365234375,
    661.776953125,
    87.26395416259766,
    94.72341613769531,
    171.3252380371094,
    371.7636352539063,
    360.3251220703125,
    412.9834350585937,
    293.476171875,
    426.824853515625
  ]
}