{
  "train_loss": [
    53100.65078125,
    40439.765234375,
    24029.9859375,
    10708.40576171875,
    4856.621240234375,
    4486.009008789062,
    3581.37578125,
    2292.3603637695314,
    1814.2170166015626,
    1172.3373901367188,
    713.9114837646484,
    353.1774047851562,
    224.15093078613282,
    168.15294799804687,
    126.27114334106446,
    117.92174835205078,
    114.06980819702149,
    93.62714157104492,
    91.73134078979493,
    83.58191146850587,
    75.72546691894532,
    85.2318359375,
    79.78150444030761,
    72.02214622497559,
    90.05458450317383,
    65.09846458435058,
    55.51531143188477,
    55.78736534118652,
    49.54150810241699,
    48.07292556762695,
    77.19571952819824,
    50.88022232055664,
    43.385499000549316,
    46.311297225952146,
    42.82305278778076,
    40.2929048538208,
    49.9313886642456,
    47.56766605377197,
    40.00380306243896,
    34.37535991668701,
    38.082674980163574,
    36.72987098693848,
    36.27626705169678,
    47.80621910095215,
    31.56748733520508,
    33.28116703033447,
    31.179581451416016,
    29.296827697753905,
    30.212686347961426,
    38.737481117248535
  ],
  "val_loss": [
    25207.690625,
    18730.888671875,
    9725.740625,
    2898.69462890625,
    2012.5877685546875,
    1883.1447998046874,
    1048.2518798828125,
    725.86630859375,
    492.1168518066406,
    353.99761962890625,
    174.3107940673828,
    91.71216430664063,
    67.49366149902343,
    57.098348999023436,
    41.070569610595705,
    39.08951950073242,
    37.91342391967773,
    32.22875061035156,
    38.214935302734375,
    29.692005920410157,
    30.372260284423827,
    30.608377838134764,
    25.427081298828124,
    26.4226806640625,
    22.95928840637207,
    25.993680572509767,
    23.756143951416014,
    23.19355926513672,
    23.28620300292969,
    23.195898818969727,
    20.89665832519531,
    18.66437225341797,
    17.485508346557616,
    19.372042846679687,
    17.964720916748046,
    16.32724380493164,
    13.741786575317382,
    16.501207733154295,
    15.668282318115235,
    14.63439064025879,
    14.951290893554688,
    14.997293853759766,
    13.33023452758789,
    13.295751190185547,
    13.636534118652344,
    12.43134822845459,
    13.361808395385742,
    13.027032089233398,
    12.260122299194336,
    12.078585433959962
  ]
}