{
  "train_loss": [
    243.11066436767578,
    210.09051971435548,
    181.14870986938476,
    123.3494987487793,
    85.97830848693847,
    65.93015213012696,
    41.69322166442871,
    22.69076862335205,
    16.193230819702148,
    15.311953353881837,
    12.968430233001708,
    13.463180351257325,
    10.287833213806152,
    8.91828179359436,
    8.62733726501465,
    7.629992485046387,
    7.274545001983642,
    6.71483736038208,
    6.05308997631073,
    5.888227272033691,
    4.539871859550476,
    3.273966360092163,
    2.9440029144287108,
    3.3657088756561278,
    2.5896058320999145,
    2.415072810649872,
    2.230206084251404,
    2.1435433864593505,
    1.7003588318824767,
    1.5219495177268982,
    1.6646862030029297,
    1.5114796817302705,
    1.4836698055267334,
    1.3609166026115418,
    1.383352482318878,
    1.3436026453971863,
    1.3625784158706664,
    1.4462358236312867,
    1.282929015159607,
    1.4031721591949462,
    1.0858116567134857,
    1.1579602718353272,
    1.1825379014015198,
    1.1980698525905609,
    1.4040258526802063,
    1.0951729238033294,
    1.1320967972278595,
    1.1414719700813294,
    1.0263234198093414,
    1.1591649949550629
  ],
  "val_loss": [
    112.42882385253907,
    87.78062896728515,
    57.10636444091797,
    29.251685333251952,
    18.493803787231446,
    13.095221138000488,
    7.630140495300293,
    5.053470611572266,
    3.750717353820801,
    2.871973466873169,
    1.8943759679794312,
    2.289902114868164,
    1.6890175819396973,
    1.0297443628311158,
    2.117943263053894,
    1.1398529529571533,
    1.218243956565857,
    1.0641150236129762,
    1.0466124057769775,
    1.0035369634628295,
    0.8111921668052673,
    0.800200366973877,
    0.7048401832580566,
    1.0072295665740967,
    0.8192617177963257,
    0.9682368755340576,
    0.7104737043380738,
    0.9301896810531616,
    0.661158537864685,
    0.6732910990715026,
    0.7153246641159058,
    0.6602356314659119,
    0.6148792266845703,
    0.6280037045478821,
    0.582106065750122,
    0.6084950804710388,
    0.5794214725494384,
    0.621295690536499,
    0.5686501622200012,
    0.5637803196907043,
    0.5690063238143921,
    0.584986686706543,
    0.5661587119102478,
    0.5666339159011841,
    0.6071483373641968,
    0.5560766458511353,
    0.592438530921936,
    0.5536535739898681,
    0.5695484042167663,
    0.5587647080421447
  ]
}