{
  "train_loss": [
    5672.03427734375,
    5617.441650390625,
    3990.033251953125,
    3395.7156494140627,
    2582.0238525390623,
    1494.8860595703125,
    928.084033203125,
    670.7069732666016,
    544.0525299072266,
    430.1297088623047,
    316.1360565185547,
    303.8684448242187,
    268.8933044433594,
    223.1579116821289,
    195.82891998291015,
    167.40449981689454,
    172.15551300048827,
    133.44827880859376,
    107.48983535766601,
    92.11832275390626,
    71.6735221862793,
    62.24587173461914,
    48.758501815795896,
    47.285223197937015,
    36.45170249938965,
    28.049001121520995,
    19.053382301330565,
    21.471977615356444,
    17.081805515289307,
    11.96592345237732,
    12.533124828338623,
    15.094217109680176,
    11.546154356002807,
    12.9482656955719,
    10.256988286972046,
    6.613510322570801,
    12.132786417007447,
    10.774108123779296,
    7.007093143463135,
    7.040673923492432,
    5.512621951103211,
    7.276801180839539,
    5.888545870780945,
    4.938483142852784,
    4.939609336853027,
    6.87607479095459,
    6.6076829671859745,
    4.633467268943787,
    5.517622113227844,
    6.23958945274353
  ],
  "val_loss": [
    3130.96015625,
    2762.86396484375,
    2147.5205078125,
    1394.723681640625,
    846.0712890625,
    544.2965454101562,
    353.7013671875,
    227.23634643554686,
    101.7020477294922,
    74.15783081054687,
    37.631309509277344,
    49.00818099975586,
    22.82137680053711,
    39.60638580322266,
    13.017032432556153,
    14.577462005615235,
    21.561330795288086,
    17.958448028564455,
    10.105221176147461,
    9.466284561157227,
    13.973809814453125,
    7.039874839782715,
    5.814800453186035,
    8.694353103637695,
    6.049066543579102,
    2.980629062652588,
    5.904966545104981,
    4.775157070159912,
    2.7361788749694824,
    2.6409809589385986,
    2.0703864097595215,
    2.6590374946594237,
    1.6349202156066895,
    3.987367630004883,
    1.3706359386444091,
    1.6979948997497558,
    3.936183452606201,
    1.4823214530944824,
    2.2651634216308594,
    1.4832165241241455,
    1.6059044361114503,
    1.5154533386230469,
    1.6479344844818116,
    1.2787280082702637,
    1.2386032104492188,
    1.5941286563873291,
    1.3400675773620605,
    1.1143620014190674,
    1.1377554416656495,
    1.3100115776062011
  ]
}