{
  "train_loss": [
    6669.5111328125,
    5602.0681640625,
    5273.444677734375,
    4786.7476806640625,
    4734.912915039063,
    4075.6669189453123,
    3849.67197265625,
    3930.0485107421873,
    3791.901708984375,
    3595.4246826171875,
    3327.033837890625,
    3426.714111328125,
    3124.966064453125,
    2972.4538696289064,
    2366.8945434570314,
    2040.602783203125,
    1407.5780883789062,
    898.1803802490234,
    663.8782806396484,
    512.7009826660156,
    311.929443359375,
    194.53878631591797,
    156.96751327514647,
    80.83109397888184,
    61.08669872283936,
    29.305268478393554,
    27.14247531890869,
    24.11842279434204,
    16.06301145553589,
    10.726844835281373,
    22.47103171348572,
    12.38431077003479,
    20.19665961265564,
    8.573336577415466,
    6.713205099105835,
    5.938003563880921,
    6.187688779830933,
    5.992410039901733,
    6.260735297203064,
    3.9359866619110107,
    3.8512410879135133,
    4.863916611671447,
    4.584899258613587,
    3.56663863658905,
    4.98867666721344,
    2.8726916670799256,
    3.9278385639190674,
    2.4485805153846742,
    3.111403691768646,
    4.230924820899963
  ],
  "val_loss": [
    5233.718359375,
    5228.7283203125,
    5195.38125,
    5176.965625,
    5177.42978515625,
    5187.4419921875,
    5141.5248046875,
    5081.927734375,
    4994.16064453125,
    4897.3775390625,
    4701.5046875,
    4388.1005859375,
    3779.7140625,
    2884.350244140625,
    1900.286181640625,
    953.8750244140625,
    421.0547119140625,
    153.11905212402343,
    101.016015625,
    101.93267822265625,
    64.77599868774413,
    32.806885147094725,
    25.25492744445801,
    13.622686004638672,
    10.91629934310913,
    9.459280014038086,
    11.033353042602538,
    5.033915996551514,
    4.533107948303223,
    4.488981008529663,
    6.879478549957275,
    9.727567863464355,
    5.30698595046997,
    2.6026002407073974,
    3.9382448196411133,
    6.245018672943115,
    2.1382116317749023,
    2.6710203647613526,
    2.060664510726929,
    2.959473419189453,
    2.0049298286437987,
    1.4978001117706299,
    1.427582335472107,
    1.452930736541748,
    1.502052640914917,
    1.2717336177825929,
    1.0538334369659423,
    1.035299551486969,
    1.5554431915283202,
    1.3671768188476563
  ]
}