{
  "train_loss": [
    61.227653121948244,
    50.317021179199216,
    43.98374633789062,
    36.61488418579101,
    26.71947193145752,
    17.94337797164917,
    13.176172924041747,
    7.482497024536133,
    5.797520709037781,
    4.330176138877869,
    3.8667765855789185,
    3.4796687602996825,
    2.9659279108047487,
    2.856764388084412,
    2.482641339302063,
    2.1303997159004213,
    1.7769835710525512,
    1.6993844985961915,
    1.4365185856819154,
    1.2288880825042725,
    1.3426464319229126,
    1.1199220061302184,
    1.2593370914459228,
    1.0476106405258179,
    1.005097931623459,
    1.188975065946579,
    1.0890265464782716,
    0.9826652646064759,
    1.1266255736351014,
    1.0050464808940887,
    1.03220494389534,
    0.9998039662837982,
    1.0644862711429597,
    1.0438683211803437,
    0.9430458247661591,
    0.9853277921676635,
    1.0572363793849946,
    0.972788804769516,
    1.1113497912883759,
    0.9588854968547821,
    1.021078461408615,
    1.0003894448280335,
    1.0631854295730592,
    0.9520657777786254,
    0.9721810758113861,
    0.9620234251022339,
    1.0184879720211029,
    0.9923495829105378,
    0.9066705644130707,
    1.0398635864257812
  ],
  "val_loss": [
    31.04713134765625,
    27.40359115600586,
    21.86681365966797,
    15.194792175292969,
    9.663186645507812,
    6.299358558654785,
    3.6806744575500487,
    2.091574859619141,
    1.4260962724685669,
    1.1230743646621704,
    0.9618666648864747,
    0.9123337268829346,
    0.7489772319793702,
    0.7639756798744202,
    0.7090966939926148,
    0.7073690891265869,
    0.7149250030517578,
    0.6394223213195801,
    0.5746738314628601,
    0.5609464287757874,
    0.5981144428253173,
    0.5463724493980407,
    0.5671619057655335,
    0.5403905034065246,
    0.5537229299545288,
    0.5386464953422546,
    0.5352779626846313,
    0.5400782585144043,
    0.5278366565704345,
    0.5394537925720215,
    0.5248273611068726,
    0.5337251782417297,
    0.5286625981330871,
    0.5222615957260132,
    0.5246768116950988,
    0.5254414916038513,
    0.5280209541320801,
    0.5215267419815064,
    0.5250255703926087,
    0.5217929601669311,
    0.5289929747581482,
    0.522527539730072,
    0.5186968207359314,
    0.52619469165802,
    0.5227691054344177,
    0.5235592603683472,
    0.5221026182174683,
    0.5175777316093445,
    0.5173975586891174,
    0.5173624277114868
  ]
}