{
  "train_loss": [
    2563629.9,
    1442050.1375,
    972695.5875,
    840385.528125,
    751655.315625,
    688046.7875,
    452912.2453125,
    354178.4421875,
    360992.234375,
    262234.928125,
    288812.6171875,
    283905.7609375,
    230522.8671875,
    247206.63671875,
    181617.0703125,
    159340.971875,
    249821.48125,
    205096.871875,
    177207.95625,
    193857.80625,
    175729.70625,
    131484.70703125,
    141085.3515625,
    108699.28515625,
    133359.986328125,
    120145.88828125,
    90224.88203125,
    146628.908984375,
    145462.6578125,
    203861.959375,
    242630.17265625,
    314674.6703125,
    203647.319140625,
    130813.67421875,
    89087.0375,
    78193.242578125,
    82965.812109375,
    73620.09609375,
    75464.344921875,
    71131.98359375,
    87104.595703125,
    77195.587890625,
    97772.59140625,
    118786.734375,
    83100.19765625,
    77172.557421875,
    79132.87265625,
    76842.289453125,
    96953.375,
    79692.52578125
  ],
  "val_loss": [
    1844536.05,
    779941.5,
    343983.4375,
    466863.2,
    1065086.675,
    733719.225,
    150827.58125,
    127069.225,
    88836.925,
    73432.078125,
    66089.796875,
    205499.525,
    50532.1171875,
    58241.84375,
    51623.4328125,
    217586.58125,
    372586.05625,
    197068.346875,
    85980.603125,
    97866.096875,
    93488.39375,
    74353.51875,
    57319.284375,
    122749.771875,
    56156.1109375,
    46997.7703125,
    48427.3453125,
    130902.44375,
    283296.9875,
    149173.965625,
    61814.80390625,
    158757.64375,
    51789.7765625,
    51086.19375,
    61390.634375,
    49194.91875,
    78360.5515625,
    57766.0375,
    71547.725,
    84187.6484375,
    101545.3859375,
    203831.165625,
    168518.18125,
    150528.1,
    67281.5734375,
    52300.01796875,
    51005.58125,
    95880.8390625,
    131037.34375,
    90823.696875
  ]
}