{
  "train_loss": [
    25268.034765625,
    12347.91328125,
    10881.210693359375,
    6457.989184570312,
    5277.991845703125,
    4561.934375,
    5748.553491210938,
    6809.305981445313,
    6900.275085449219,
    4223.278295898437,
    3266.4166015625,
    3189.5226806640626,
    4813.233984375,
    3894.988427734375,
    3601.9141235351562,
    3302.90830078125,
    3131.5486083984374,
    3244.8420166015626,
    3087.5645263671877,
    2421.3643432617187,
    3254.3410888671874,
    3735.9613647460938,
    4330.861157226563,
    2606.0236206054688,
    2009.3521728515625,
    1922.2343505859376,
    1579.8804931640625,
    2121.5354858398437,
    1709.2764831542968,
    1302.7892272949218,
    1716.8714538574218,
    1086.6896667480469,
    1293.2250244140625,
    1360.9890930175782,
    1307.8662902832032,
    1216.396954345703,
    900.7417175292969,
    1111.546923828125,
    927.6699035644531,
    975.6437377929688,
    939.3761596679688,
    804.0198913574219,
    1071.1019287109375,
    1037.6684020996095,
    1347.4122802734375,
    1786.904278564453,
    1063.183541870117,
    932.3367980957031,
    781.2355010986328,
    804.2837554931641
  ],
  "val_loss": [
    3337.352294921875,
    1437.344091796875,
    3661.05595703125,
    5616.230078125,
    2552.794384765625,
    1256.63720703125,
    2050.38046875,
    13018.296875,
    1384.9604248046876,
    964.266650390625,
    3024.11650390625,
    2291.81015625,
    632.8161010742188,
    611.1346313476563,
    861.7552368164063,
    2946.5080078125,
    816.3058227539062,
    1023.7654052734375,
    972.3228515625,
    2775.353955078125,
    2587.4353515625,
    5182.41708984375,
    551.8206787109375,
    344.5138305664062,
    1191.4160888671875,
    356.4687866210937,
    728.01748046875,
    602.979150390625,
    741.9845703125,
    1316.944091796875,
    451.15496826171875,
    447.1523071289063,
    880.380859375,
    1323.65673828125,
    1519.9458984375,
    1167.015234375,
    756.8691772460937,
    735.2899047851563,
    718.196337890625,
    359.1341552734375,
    590.0005615234375,
    1177.2033203125,
    1051.3439453125,
    1820.2880859375,
    4512.580859375,
    1773.770947265625,
    664.1361206054687,
    444.9147888183594,
    546.6141235351563,
    884.8045654296875
  ]
}