{
  "train_loss": [
    14422.55546875,
    11995.07744140625,
    8405.425146484375,
    5735.9713134765625,
    2534.1745849609374,
    1469.2941040039063,
    1226.1481201171875,
    851.00625,
    655.2212585449219,
    527.7392730712891,
    404.12794799804686,
    254.5730209350586,
    162.5087677001953,
    110.02441940307617,
    72.62893142700196,
    72.0254280090332,
    54.974211883544925,
    45.31353588104248,
    46.64933624267578,
    40.669959259033206,
    38.18561210632324,
    29.61719665527344,
    32.001573371887204,
    26.7167818069458,
    27.96732654571533,
    26.06240940093994,
    22.175718593597413,
    23.300877571105957,
    20.120684146881104,
    21.004280662536623,
    17.71640272140503,
    15.305069637298583,
    16.62196855545044,
    16.365372467041016,
    15.490702056884766,
    17.384344005584715,
    14.330608367919922,
    15.334836387634278,
    13.117339897155762,
    14.22603998184204,
    11.608351516723634,
    13.503691959381104,
    13.448964405059815,
    14.328553199768066,
    12.71121950149536,
    10.542774772644043,
    9.492254066467286,
    10.92090015411377,
    10.359064722061158,
    12.028129625320435
  ],
  "val_loss": [
    6381.62060546875,
    5075.8109375,
    3500.5451171875,
    1719.7061767578125,
    655.2446533203125,
    584.1402099609375,
    507.740966796875,
    311.4958862304687,
    231.62278747558594,
    151.74877014160157,
    100.65892333984375,
    56.326849365234374,
    40.64563903808594,
    30.59971923828125,
    32.444034576416016,
    28.799414825439452,
    26.658057403564452,
    21.703397750854492,
    18.32135772705078,
    17.5722900390625,
    14.724700546264648,
    14.308710861206055,
    13.151182556152344,
    12.25118579864502,
    11.867204475402833,
    10.850097465515137,
    9.577025413513184,
    9.623188591003418,
    8.879667282104492,
    8.831517028808594,
    8.561798095703125,
    7.359500312805176,
    6.914144039154053,
    9.163926887512208,
    7.994962882995606,
    9.139918518066406,
    7.748868179321289,
    8.16907024383545,
    6.818184471130371,
    6.085731315612793,
    5.3013521194458,
    5.60603895187378,
    4.902685928344726,
    5.46986141204834,
    4.8522039413452145,
    4.880585479736328,
    4.633337783813476,
    5.112324142456055,
    5.1693157196044925,
    6.300822067260742
  ]
}