{
  "train_loss": [
    18784.63212890625,
    15081.06884765625,
    8568.57998046875,
    3552.396032714844,
    1132.0873779296876,
    646.9252014160156,
    427.52794189453124,
    212.48615646362305,
    138.1039016723633,
    119.72499084472656,
    48.69978828430176,
    45.810190486907956,
    43.074947357177734,
    19.293640327453613,
    17.842869377136232,
    17.36009120941162,
    17.222459030151366,
    15.449700736999512,
    13.989156103134155,
    13.406905460357667,
    14.08213243484497,
    9.978951454162598,
    12.55919361114502,
    12.291519212722779,
    9.299896240234375,
    11.856814241409301,
    9.644590139389038,
    8.817147922515868,
    9.021216917037965,
    7.353076839447022,
    7.405684947967529,
    7.23991641998291,
    8.282276344299316,
    7.35024847984314,
    7.646585893630982,
    6.558113765716553,
    6.590510082244873,
    6.152478933334351,
    6.081844663619995,
    5.849809217453003,
    5.6964822769165036,
    5.991706228256225,
    6.053408002853393,
    5.928558826446533,
    5.577334880828857,
    5.6260099649429325,
    5.71025505065918,
    6.193656969070434,
    4.779947710037232,
    4.77376127243042
  ],
  "val_loss": [
    9110.966015625,
    6371.5275390625,
    3026.742529296875,
    572.2326049804688,
    59.1442756652832,
    272.1992553710937,
    158.7994354248047,
    32.24544830322266,
    7.764346122741699,
    7.648523330688477,
    7.766441917419433,
    3.1448497772216797,
    3.1059799194335938,
    1.8026669025421143,
    1.6984673261642456,
    2.452326536178589,
    2.248078489303589,
    3.4336751461029054,
    1.5515116930007935,
    1.758292841911316,
    1.982664442062378,
    1.9768582344055177,
    1.759871006011963,
    1.9824849605560302,
    1.4702047109603882,
    1.7687432765960693,
    1.7141051769256592,
    1.6707423448562622,
    2.08262243270874,
    1.7200611114501954,
    1.6496711015701293,
    1.7169321060180665,
    1.7294562816619874,
    1.4652939319610596,
    1.347861886024475,
    1.7287261486053467,
    2.005589485168457,
    1.9236888885498047,
    1.8628948211669922,
    1.7417667388916016,
    1.7806068897247314,
    1.5042129039764405,
    1.7858451366424561,
    1.462895393371582,
    1.7686664581298828,
    2.147428846359253,
    2.1483749866485597,
    2.6106022357940675,
    1.8552385330200196,
    1.7141951084136964
  ]
}