{
  "train": [
    276.8507080078125,
    277.71677652994794,
    280.7537129720052,
    278.2310791015625,
    279.52191162109375,
    271.5838317871094,
    272.0025939941406,
    272.8338928222656,
    273.00803629557294,
    271.99041748046875,
    267.99799092610675,
    270.17896525065106,
    266.28965759277344,
    265.37456766764325,
    265.0338643391927,
    268.14491271972656,
    263.05979919433594,
    265.0871836344401,
    263.67042032877606,
    268.5831349690755,
    261.96238199869794,
    261.05226643880206,
    262.09996032714844,
    253.44493103027344,
    259.811762491862,
    256.1662241617839,
    252.86056009928384,
    257.83851623535156,
    252.40820821126303,
    254.4659423828125
  ],
  "val": [
    289.6429748535156,
    288.62823486328125,
    287.61761474609375,
    286.6171569824219,
    285.6289978027344,
    284.6482238769531,
    283.6781005859375,
    282.7172546386719,
    281.7681579589844,
    280.8309326171875,
    279.9068603515625,
    278.9881286621094,
    278.0773010253906,
    277.17523193359375,
    276.27703857421875,
    275.3884582519531,
    274.5080871582031,
    273.6352233886719,
    272.7634582519531,
    271.8978271484375,
    271.02862548828125,
    270.1573791503906,
    269.2906188964844,
    268.4230651855469,
    267.56219482421875,
    266.6976318359375,
    265.8243103027344,
    264.9525146484375,
    264.08880615234375,
    263.22686767578125
  ]
}