{
  "train": [
    269.61948649088544,
    275.62180582682294,
    273.1971130371094,
    269.16562906901044,
    265.53358459472656,
    273.6596323649089,
    259.76158142089844,
    264.13800048828125,
    265.7156219482422,
    262.5702616373698,
    262.10808817545575,
    257.80565388997394,
    258.6489562988281,
    258.55083719889325,
    259.0170440673828,
    254.3567352294922,
    252.7989298502604,
    258.1014912923177,
    256.4979960123698,
    250.56202697753906,
    255.0528106689453,
    245.15160624186197,
    246.77566528320312,
    248.67593383789062,
    248.20335388183594,
    246.00305684407553,
    247.67630004882812,
    241.53672790527344,
    243.16556294759116,
    246.39107259114584
  ],
  "val": [
    282.35699462890625,
    281.1614074707031,
    279.97308349609375,
    278.7900085449219,
    277.6153259277344,
    276.4509582519531,
    275.2925720214844,
    274.1514892578125,
    273.0242614746094,
    271.91168212890625,
    270.8038024902344,
    269.7105712890625,
    268.6280212402344,
    267.55426025390625,
    266.49578857421875,
    265.44415283203125,
    264.4064636230469,
    263.38482666015625,
    262.3753662109375,
    261.3683776855469,
    260.3810729980469,
    259.40338134765625,
    258.4338073730469,
    257.47259521484375,
    256.5208740234375,
    255.57435607910156,
    254.63571166992188,
    253.705322265625,
    252.78427124023438,
    251.87161254882812
  ]
}