{
  "train": [
    286.99012247721356,
    280.208984375,
    280.76490275065106,
    279.2176208496094,
    276.33924357096356,
    270.81866963704425,
    274.58632405598956,
    270.80556233723956,
    272.10479736328125,
    266.7590637207031,
    273.36676025390625,
    264.2694956461589,
    265.2680969238281,
    262.1537831624349,
    264.7837829589844,
    261.1901499430339,
    259.6643778483073,
    258.5990804036458,
    257.236821492513,
    253.05252583821616,
    253.35358683268228,
    255.46598307291666,
    250.22874450683594,
    253.70440673828125,
    254.78234354654947,
    249.47752380371094,
    246.71957397460938,
    248.45727030436197,
    244.95238749186197,
    243.32491556803384
  ],
  "val": [
    294.0761413574219,
    292.52532958984375,
    290.98760986328125,
    289.46624755859375,
    287.95733642578125,
    286.4606628417969,
    284.9803161621094,
    283.5114440917969,
    282.0527648925781,
    280.60345458984375,
    279.1686706542969,
    277.7399597167969,
    276.3250732421875,
    274.9167175292969,
    273.5199890136719,
    272.1261901855469,
    270.7391662597656,
    269.35797119140625,
    267.97918701171875,
    266.59674072265625,
    265.18121337890625,
    263.63311767578125,
    261.89385986328125,
    260.34552001953125,
    258.97467041015625,
    257.65521240234375,
    256.35382080078125,
    255.06484985351562,
    253.7834014892578,
    252.508056640625
  ]
}