{
  "train": [
    275.77003987630206,
    275.75193277994794,
    273.03516642252606,
    273.2683410644531,
    271.71617635091144,
    273.70921834309894,
    268.7640889485677,
    270.73949178059894,
    269.8478088378906,
    271.64101155598956,
    266.9231770833333,
    265.9195251464844,
    264.21824137369794,
    264.1161295572917,
    264.53806559244794,
    262.6457010904948,
    257.49399820963544,
    259.49314880371094,
    257.8357289632161,
    252.83916727701822,
    256.0083770751953,
    257.6157582600911,
    253.29619344075522,
    252.46074422200522,
    251.88394165039062,
    255.68786112467447,
    250.51190694173178,
    249.2182413736979,
    248.85039265950522,
    251.25313822428384
  ],
  "val": [
    287.46539306640625,
    286.33660888671875,
    285.2205810546875,
    284.1155700683594,
    283.0209655761719,
    281.9360656738281,
    280.8601379394531,
    279.7971496582031,
    278.7425842285156,
    277.6951599121094,
    276.64813232421875,
    275.6073303222656,
    274.5791015625,
    273.5618896484375,
    272.5508117675781,
    271.54150390625,
    270.5327453613281,
    269.53216552734375,
    268.5342102050781,
    267.5483093261719,
    266.5732116699219,
    265.60052490234375,
    264.6226501464844,
    263.6519775390625,
    262.67913818359375,
    261.7072448730469,
    260.7265930175781,
    259.7462463378906,
    258.7698669433594,
    257.79571533203125
  ]
}