{
  "train": [
    281.4452311197917,
    280.9124348958333,
    273.64585876464844,
    277.2590840657552,
    275.33620198567706,
    271.5488688151042,
    274.31170654296875,
    270.2433573404948,
    268.5157775878906,
    265.4477793375651,
    263.0499216715495,
    261.8853454589844,
    262.1559244791667,
    260.0076497395833,
    263.0999501546224,
    259.25746154785156,
    256.3007354736328,
    255.74323018391928,
    257.4378611246745,
    255.92789204915366,
    254.9188690185547,
    249.81942749023438,
    252.20399475097656,
    246.5001678466797,
    248.1358439127604,
    245.94677734375,
    242.05236307779947,
    247.8776652018229,
    240.34663899739584,
    240.410400390625
  ],
  "val": [
    290.4288024902344,
    288.8952331542969,
    287.3722229003906,
    285.86248779296875,
    284.3595275878906,
    282.8638610839844,
    281.3780517578125,
    279.8967590332031,
    278.4242858886719,
    276.9544677734375,
    275.4857482910156,
    274.01251220703125,
    272.5541687011719,
    271.1366882324219,
    269.74468994140625,
    268.359130859375,
    266.9787902832031,
    265.605224609375,
    264.2354431152344,
    262.8703308105469,
    261.5093994140625,
    260.14910888671875,
    258.7987365722656,
    257.4520263671875,
    256.11138916015625,
    254.77366638183594,
    253.4425811767578,
    252.1201629638672,
    250.79852294921875,
    249.48699951171875
  ]
}