{
  "train_loss": [
    1297.585060119629,
    114.35106048583984
  ],
  "val_loss": [
    231.76402587890624,
    68.97147674560547
  ]
}