{
  "train_loss": [
    2320.5303588867187,
    620.11020860672
  ],
  "val_loss": [
    1685.9898559570313,
    135.85488204956056
  ]
}