{
  "train_loss": [
    7534.977294921875,
    1932.152639770508
  ],
  "val_loss": [
    4169.540307617188,
    1007.8917358398437
  ]
}