{
  "train_loss": [
    753959.190625,
    136881.5496459961
  ],
  "val_loss": [
    427460.596875,
    30767.77744140625
  ]
}