{
  "train_loss": [
    687.396688079834,
    345.7883990287781
  ],
  "val_loss": [
    586.7024749755859,
    84.38741130828858
  ]
}