{
  "train": [
    285.1363830566406,
    285.8119201660156,
    286.22434488932294,
    280.33314005533856,
    282.01001993815106,
    281.87156168619794,
    279.98853556315106,
    278.2130533854167,
    278.4202372233073,
    273.2130635579427,
    274.6125996907552,
    274.16884358723956,
    270.00782267252606,
    275.61768595377606,
    269.77919514973956,
    265.9521128336589,
    267.6870422363281,
    270.55609130859375,
    263.90931701660156,
    262.8142547607422,
    262.9884948730469,
    266.40607198079425,
    263.1815490722656,
    263.32525634765625,
    261.48316955566406,
    260.0938262939453,
    261.08391825358075,
    257.88384501139325,
    258.34380594889325,
    250.11029561360678
  ],
  "val": [
    296.1096496582031,
    294.8847961425781,
    293.65716552734375,
    292.43475341796875,
    291.2257995605469,
    290.0252685546875,
    288.8333740234375,
    287.64764404296875,
    286.482421875,
    285.32867431640625,
    284.1899719238281,
    283.06597900390625,
    281.9529113769531,
    280.8487548828125,
    279.7496032714844,
    278.6660461425781,
    277.59649658203125,
    276.529296875,
    275.4774169921875,
    274.4342346191406,
    273.39849853515625,
    272.3699035644531,
    271.3457946777344,
    270.3355712890625,
    269.3262939453125,
    268.3276672363281,
    267.33636474609375,
    266.3496398925781,
    265.36322021484375,
    264.3879699707031
  ]
}