{
  "train": [
    270.69749959309894,
    271.8732198079427,
    267.8099416097005,
    268.40561930338544,
    269.14844767252606,
    268.9572347005208,
    265.7263692220052,
    268.50824483235675,
    262.5292510986328,
    264.44276428222656,
    261.8078206380208,
    262.2163798014323,
    262.8764394124349,
    259.36248270670575,
    259.21576436360675,
    258.1209411621094,
    256.9512023925781,
    256.45631408691406,
    258.6949462890625,
    257.40407307942706,
    252.40463256835938,
    253.77924092610678,
    254.31339518229166,
    249.33465067545572,
    252.41053771972656,
    248.17902119954428,
    249.83915201822916,
    245.82278442382812,
    247.63506571451822,
    244.40910847981772
  ],
  "val": [
    282.0934753417969,
    281.0982971191406,
    280.1099548339844,
    279.1342468261719,
    278.1688232421875,
    277.21063232421875,
    276.26141357421875,
    275.3229675292969,
    274.39117431640625,
    273.4669189453125,
    272.54901123046875,
    271.63861083984375,
    270.73919677734375,
    269.8491516113281,
    268.9610595703125,
    268.0760803222656,
    267.1997375488281,
    266.3325500488281,
    265.4747619628906,
    264.6285400390625,
    263.7953186035156,
    262.9761657714844,
    262.1747741699219,
    261.3858642578125,
    260.6080627441406,
    259.8475646972656,
    259.10101318359375,
    258.3630676269531,
    257.63372802734375,
    256.9070129394531
  ]
}