{
  "train": [
    269.6773681640625,
    270.99158732096356,
    270.0072428385417,
    267.75335693359375,
    267.4843444824219,
    267.3955993652344,
    262.0383605957031,
    265.7077891031901,
    263.46117146809894,
    265.21339416503906,
    266.98804728190106,
    264.6380310058594,
    258.95501200358075,
    261.2827606201172,
    258.6299082438151,
    261.61273193359375,
    255.76293436686197,
    254.46178690592447,
    257.9700927734375,
    254.41154988606772,
    255.79297383626303,
    254.84498087565103,
    252.5559336344401,
    253.48373413085938,
    251.35839335123697,
    247.72230021158853,
    248.72561645507812,
    252.35899353027344,
    248.96466064453125,
    248.0797119140625
  ],
  "val": [
    279.9285888671875,
    279.03118896484375,
    278.14251708984375,
    277.2676086425781,
    276.4036865234375,
    275.5491943359375,
    274.7036437988281,
    273.8714599609375,
    273.0452575683594,
    272.2281494140625,
    271.42340087890625,
    270.6277770996094,
    269.8367919921875,
    269.05255126953125,
    268.28009033203125,
    267.51898193359375,
    266.7574462890625,
    266.00311279296875,
    265.2555236816406,
    264.5126037597656,
    263.77459716796875,
    263.0397033691406,
    262.31243896484375,
    261.5924377441406,
    260.8743896484375,
    260.16278076171875,
    259.4556579589844,
    258.7524108886719,
    258.0531921386719,
    257.3556213378906
  ]
}