{
  "train": [
    273.13389078776044,
    272.82375081380206,
    270.4546203613281,
    273.0235544840495,
    266.5878194173177,
    264.84425862630206,
    265.03037516276044,
    261.4682210286458,
    265.900385538737,
    255.81605021158853,
    258.0286610921224,
    254.21322123209634,
    258.35057067871094,
    250.94095357259116,
    255.3156534830729,
    251.97880045572916,
    249.0970255533854,
    250.29474894205728,
    244.9743448893229,
    245.59666951497397,
    244.92979939778647,
    242.22393290201822,
    242.88481648763022,
    240.14697265625,
    239.90678914388022,
    237.71703592936197,
    239.8587900797526,
    237.2262217203776,
    237.23519388834634,
    231.1827646891276
  ],
  "val": [
    283.6905212402344,
    281.6729736328125,
    279.7773132324219,
    278.07977294921875,
    276.4974365234375,
    274.97357177734375,
    273.4803771972656,
    272.0057373046875,
    270.54742431640625,
    269.09954833984375,
    267.66973876953125,
    266.2516784667969,
    264.8456726074219,
    263.4449462890625,
    262.0583801269531,
    260.67657470703125,
    259.3018798828125,
    257.9388732910156,
    256.5809631347656,
    255.23812866210938,
    253.9015350341797,
    252.57164001464844,
    251.25540161132812,
    249.94601440429688,
    248.64796447753906,
    247.3621063232422,
    246.08822631835938,
    244.8145294189453,
    243.54261779785156,
    242.2763671875
  ]
}